split,target,group,n,Q0_mae,QNE_mae,gain_Q0_minus_QNE
fit,q_vs_c,overall,8000,0.013707912429712692,0.013339869975857288,0.00036804245385540363
fit,q_vs_c,k=0,7702,0.000870137384943154,0.0008974737628495982,-2.7336377906444294e-05
fit,q_vs_c,k=-1,260,0.04599317656286731,0.04924544956385382,-0.0032522730009865095
fit,q_vs_c,k=-2,33,0.6029985425752891,0.49191858463532856,0.1110799579399605
fit,q_vs_c,k<=-3,5,14.220864697507864,14.153897341164575,0.0669673563432891
fit,P_raw,overall,8000,0.0454375598032857,0.04503702187378804,0.0004005379294976588
fit,P_raw,k=0,7702,0.032818769513041045,0.032991876403718735,-0.00017310689067769058
fit,P_raw,k=-1,260,0.07374358085485605,0.07188874018880037,0.0018548406660556793
fit,P_raw,k=-2,33,0.617835759890802,0.5133175761862234,0.10451818370457855
fit,P_raw,k<=-3,5,14.23368090763688,14.11243809312582,0.12124281451106
fit,P_cal,overall,8000,0.04516403933327092,0.04474374494879885,0.00042029438447207385
fit,P_cal,k=0,7702,0.03252845621190079,0.032664333305873816,-0.00013587709397302333
fit,P_cal,k=-1,260,0.0740077666938305,0.0724505233650024,0.0015572433288280896
fit,P_cal,k=-2,33,0.6164135531042562,0.5137541991743174,0.10265935392993875
fit,P_cal,k<=-3,5,14.238895665854216,14.115647964179516,0.12324770167469978
dev,q_vs_c,overall,2000,0.01262964557054422,0.012257099330676884,0.0003725462398673357
dev,q_vs_c,k=0,1926,0.00048439009653210877,0.00040846262864390517,7.59274678882036e-05
dev,q_vs_c,k=-1,65,0.011865747067753053,0.016226910870213627,-0.004361163802460575
dev,q_vs_c,k=-2,7,1.5244711032735292,1.355712850664816,0.16875825260871324
dev,q_vs_c,k<=-3,2,6.441892266424478,6.591380238684,-0.14948797225952148
dev,P_raw,overall,2000,0.1136121492429811,0.11348551708247397,0.00012663216050713688
dev,P_raw,k=0,1926,0.1007213911951845,0.10078488944626272,-6.349825107822282e-05
dev,P_raw,k=-1,65,0.11632440009942421,0.11910934184606259,-0.0027849417466383752
dev,P_raw,k=-2,7,1.5977987466113908,1.475576016519751,0.12222273009163986
dev,P_raw,k<=-3,2,7.244610905647278,7.394098877906799,-0.14948797225952148
dev,P_cal,overall,2000,0.1131797829947609,0.11304464926730726,0.0001351337274536485
dev,P_cal,k=0,1926,0.10028966431220561,0.10033263811700288,-4.29738047972722e-05
dev,P_cal,k=-1,65,0.11541208762388963,0.1185332111441172,-0.0031211235202275728
dev,P_cal,k=-2,7,1.6000336429902486,1.4778687815581049,0.12216486143214378
dev,P_cal,k<=-3,2,7.249825663864613,7.399448662996292,-0.14962299913167953
