arm,split,target,group,n,mae,contribution
Q0,fit,q_vs_c,k=0,7702,0.000870137384943154,0.0008377247673540214
Q0,fit,q_vs_c,k=-1,260,0.04599317656286731,0.0014947782382931875
Q0,fit,q_vs_c,k=-2,33,0.6029985425752891,0.0024873689881230675
Q0,fit,q_vs_c,k<=-3,5,14.220864697507864,0.008888040435942414
Q0,fit,P_raw,k=0,7702,0.032818769513041045,0.03159627034868026
Q0,fit,P_raw,k=-1,260,0.07374358085485605,0.0023966663777828215
Q0,fit,P_raw,k=-2,33,0.617835759890802,0.002548572509549558
Q0,fit,P_raw,k<=-3,5,14.23368090763688,0.00889605056727305
Q0,fit,P_cal,k=0,7702,0.03252845621190079,0.03131677121800749
Q0,fit,P_cal,k=-1,260,0.0740077666938305,0.0024052524175494907
Q0,fit,P_cal,k=-2,33,0.6164135531042562,0.0025427059065550564
Q0,fit,P_cal,k<=-3,5,14.238895665854216,0.008899309791158884
QNE,fit,q_vs_c,k=0,7702,0.0008974737628495982,0.0008640428651834508
QNE,fit,q_vs_c,k=-1,260,0.04924544956385382,0.001600477110825249
QNE,fit,q_vs_c,k=-2,33,0.49191858463532856,0.0020291641616207302
QNE,fit,q_vs_c,k<=-3,5,14.153897341164575,0.008846185838227858
QNE,fit,P_raw,k=0,7702,0.032991876403718735,0.03176292900768021
QNE,fit,P_raw,k=-1,260,0.07188874018880037,0.002336384056136012
QNE,fit,P_raw,k=-2,33,0.5133175761862234,0.002117435001768172
QNE,fit,P_raw,k<=-3,5,14.11243809312582,0.008820273808203638
QNE,fit,P_cal,k=0,7702,0.032664333305873816,0.031447586890230014
QNE,fit,P_cal,k=-1,260,0.0724505233650024,0.0023546420093625785
QNE,fit,P_cal,k=-2,33,0.5137541991743174,0.0021192360715940593
QNE,fit,P_cal,k<=-3,5,14.115647964179516,0.008822279977612197
