old_class_id,fit_position,stable_id,k,group,c,N,E,new_class_id,new_class_size,new_class_c_span,new_class_k_values
86,2979,train:3741,-1,k=-1,-3.467950704144568,31,34,1012,1,0.0,-1
86,5995,train:7491,0,k=0,0.0004627120960246,28,31,831,1,0.0,0
232,462,train:0593,-5,k<=-3,-17.34160436910694,28,31,849,2,17.342067081202963,-5;0
232,1937,train:2447,0,k=0,0.0004627120960246,27,30,789,1,0.0,0
232,1954,train:2472,0,k=0,0.0004627120960246,25,28,639,1,0.0,0
232,7930,train:9913,0,k=0,0.0004627120960246,28,31,849,2,17.342067081202963,-5;0
250,1766,train:2232,-2,k=-2,-6.936364120385161,26,29,716,1,0.0,-2
250,2890,train:3626,0,k=0,0.0004627120960246,28,31,854,1,0.0,0
259,1004,train:1270,0,k=0,0.0004627120960246,34,38,1163,1,0.0,0
259,1118,train:1424,-6,k<=-3,-20.81001778534753,33,37,1136,1,0.0,-6
