seed,split,group,n,q_vs_c_mae,q_vs_c_signed_residual,constant_vs_c_mae,q_std,q_min,q_max,c_std,c_min,c_max
0,fit,k0,7702,0.000870137384943154,9.488747952724888e-05,0.0,0.024313242053212235,-2.1003973484039307,0.04238283261656761,5.421010862427522e-20,0.0004627120960246,0.0004627120960246
0,fit,k-1,260,0.04599317656286731,-0.0382466311877126,3.468413416240593,0.31899951478491995,-3.5939011573791504,-0.0010341815650463104,0.0,-3.467950704144568,-3.467950704144568
0,fit,kle-2,38,2.3948230366453647,-2.318802965411907,8.397211428793014,2.948059590745387,-17.258920669555664,0.005673207342624664,3.868124349543578,-20.81001778534753,-6.936364120385161
0,fit,overall,8000,0.013707912429712692,-0.012165976678392358,0.15261019031458609,0.763759910832102,-17.258920669555664,0.04238283261656761,0.8795967542185713,-20.81001778534753,0.0004627120960246
0,dev,k0,1926,0.00048439009653210877,-0.0003316863708219913,0.0,0.001429552403316299,-0.037660863250494,0.02625885233283043,1.0842021724855044e-19,0.0004627120960246,0.0004627120960246
0,dev,k-1,65,0.011865747067753053,-0.0035244030687060705,3.468413416240593,0.019289756924943096,-3.574056386947632,-3.4187700748443604,4.440892098500626e-16,-3.467950704144568,-3.467950704144568
0,dev,kle-2,9,2.617231361751518,-2.558997417301131,11.946757322606487,11.18280237295558,-40.439212799072266,-0.8736573457717896,10.981618761399076,-41.62049828279109,-6.936364120385161
0,dev,overall,2000,0.01262964557054422,-0.011949445452689611,0.16648384397954846,1.1513659604482245,-40.439212799072266,0.02625885233283043,1.244266423517993,-41.62049828279109,0.0004627120960246
1,fit,k0,7702,0.0009589945767015135,0.0007809627352141155,0.0,0.02181840770026282,-1.8817079067230225,0.019855309277772903,5.421010862427522e-20,0.0004627120960246,0.0004627120960246
1,fit,k-1,260,0.06409614162098475,-0.061290918013621666,3.468413416240593,0.30726709838009686,-3.535554885864258,-0.03605462983250618,0.0,-3.467950704144568,-3.467950704144568
1,fit,kle-2,38,2.4183303108980674,-2.381309004303549,8.397211428793014,3.0062308470442676,-17.368106842041016,-0.03381064534187317,3.868124349543578,-20.81001778534753,-6.936364120385161
1,fit,overall,8000,0.0144934656081672,-0.01255130073255717,0.15261019031458609,0.7589611014473058,-17.368106842041016,0.019855309277772903,0.8795967542185713,-20.81001778534753,0.0004627120960246
1,dev,k0,1926,0.0006007186702633,0.00038951627310854935,0.0,0.0015473410145475576,-0.03605462983250618,0.019554216414690018,1.0842021724855044e-19,0.0004627120960246,0.0004627120960246
1,dev,k-1,65,0.03762825863903884,-0.03561842684659444,3.468413416240593,0.030285295353820307,-3.528857707977295,-3.268846273422241,4.440892098500626e-16,-3.467950704144568,-3.467950704144568
1,dev,kle-2,9,2.7165994347256106,-2.712962638812124,11.946757322606487,11.194257813165065,-40.26628875732422,-0.6585826873779297,10.981618761399076,-41.62049828279109,-6.936364120385161
1,dev,overall,2000,0.014026107941497574,-0.01299082657616534,0.16648384397954846,1.1432582718987296,-40.26628875732422,0.019554216414690018,1.244266423517993,-41.62049828279109,0.0004627120960246
