seed,dev_pos,global_index,k,y,c,g,h_raw,q,c_minus_q,P_cal,O_cal,Y_cal,err_P,err_O,err_Y
0,260,1238,-2,-5.441515922546387,-6.936364120385161,1.494848197838774,1.1100857257843018,-7.016350746154785,0.07998662576962445,-5.901050262153149,-5.820742987217838,-6.446470707654953,-0.45953433960676193,-0.3792270646714515,-1.0049547851085663
0,435,2052,-2,-7.930362701416016,-6.936364120385161,-0.9939985810308549,-0.8348163962364197,-2.616832971572876,-4.319531148812285,-3.446434609591961,-7.76564510923856,-2.268637627363205,4.483928091824055,0.16471759217745596,5.661725074052811
0,464,2210,-12,-42.036563873291016,-41.62049828279109,-0.416065590499926,0.7021815776824951,-40.439212799072266,-1.181285483718824,-39.731816463172436,-40.91278129772557,-22.824203461408615,2.30474741011858,1.1237825755654427,19.2123604118824
0,874,4344,-2,-7.1817402839660645,-6.936364120385161,-0.24537616358090375,-0.11956167966127396,-7.019251823425293,0.08288770304013227,-7.133598744869232,-7.050390392663414,-6.865149945020676,0.048141539096832275,0.1313498913026505,0.3165903389453888
0,898,4485,-2,-5.580592155456543,-6.936364120385161,1.3557719649286177,1.3444747924804688,-6.9555559158325195,0.019191795447358828,-5.605866365134716,-5.586353920521671,-5.850069016218185,-0.025274209678173065,-0.005761765065128266,-0.26947686076164246
0,1004,5050,-5,-15.327075004577637,-17.34160436910694,2.0145293645293023,2.5017194747924805,-5.639105319976807,-11.702499049130132,-3.1321710869669914,-14.834349486931439,-2.173182934522629,12.194903917610645,0.492725517646198,13.153892070055008
0,1009,5093,-2,-7.994800567626953,-6.936364120385161,-1.0584364472417924,-0.9628903865814209,-7.016350746154785,0.07998662576962445,-7.974026374518871,-7.893719099583561,-8.389108628034592,0.020774193108081818,0.10108146804339224,-0.39430806040763855
0,1499,7507,-2,-9.046394348144531,-6.936364120385161,-2.1100302277593705,-2.058166265487671,-0.8736573457717896,-6.062706774613371,-2.9266088530421257,-8.988994978489812,-4.260693043470383,6.1197854951024055,0.05739936965471948,4.785701304674149
0,1535,7659,-2,-5.101813316345215,-6.936364120385161,1.8345508040399459,1.8451266288757324,-6.909357070922852,-0.02700704946230914,-5.059015683829784,-5.085702084126408,-5.116774529218674,0.04279763251543045,0.01611123221880728,-0.014961212873458862
1,260,1238,-2,-5.441515922546387,-6.936364120385161,1.494848197838774,1.1746575832366943,-6.927271842956543,-0.009092277428617734,-5.764967385679483,-5.773741520829955,-6.259648442268372,-0.3234514631330967,-0.3322255982835687,-0.8181325197219849
1,435,2052,-2,-7.930362701416016,-6.936364120385161,-0.9939985810308549,-0.5799723863601685,-2.1945574283599854,-4.741806692025175,-2.7868829406797886,-7.528371490426818,-1.886358380317688,5.143479760736227,0.40199121098919743,6.044004321098328
1,464,2210,-12,-42.036563873291016,-41.62049828279109,-0.416065590499926,0.5047860145568848,-40.26628875732422,-1.354209525466871,-39.77385586872697,-41.12774725191569,-35.95750439167023,2.262708004564047,0.9088166213753226,6.079059481620789
1,874,4344,-2,-7.1817402839660645,-6.936364120385161,-0.24537616358090375,-0.27363771200180054,-6.928457260131836,-0.007906860253324766,-7.214448098093271,-7.22203681606845,-6.883175492286682,-0.0327078141272068,-0.04029653210238582,0.2985647916793823
1,898,4485,-2,-5.580592155456543,-6.936364120385161,1.3557719649286177,1.4645715951919556,-6.95272970199585,0.016365581610688906,-5.500511232763529,-5.483827508874694,-5.478981137275696,0.08008092269301414,0.0967646465818488,0.10161101818084717
1,1004,5050,-5,-15.327075004577637,-17.34160436910694,2.0145293645293023,2.715348482131958,-5.353469371795654,-11.988134997311285,-2.650474015623331,-14.63829087065647,-1.3267179727554321,12.676600988954306,0.6887841339211676,14.000357031822205
1,1009,5093,-2,-7.994800567626953,-6.936364120385161,-1.0584364472417924,-1.2936145067214966,-6.927271842956543,-0.009092277428617734,-8.233239475637674,-8.242013610788145,-8.088513493537903,-0.2384389080107212,-0.2472130431611923,-0.09371292591094971
1,1499,7507,-2,-9.046394348144531,-6.936364120385161,-2.1100302277593705,-1.8965128660202026,-0.6585826873779297,-6.277781433007231,-2.567448679357767,-8.844911970086851,-4.848307251930237,6.478945668786764,0.20148237805767977,4.198087096214294
1,1535,7659,-2,-5.101813316345215,-6.936364120385161,1.8345508040399459,1.8937454223632812,-6.891358852386475,-0.045005267998686094,-5.009966555982828,-5.0546536817033685,-4.621331810951233,0.0918467603623867,0.04715963464184636,0.48048150539398193
