arm,group,n,mae,contribution
N0_s0,G0,965,0.08712998015783158,0.08408043085230747
N0_s0,G1,34,0.24716084494310267,0.00840346872806549
N0_s0,G172,1,18.722233653068542,0.01872223365306854
N0_s0,overall,1000,0.1112061332334415,0.1112061332334415
N0_s1,G0,965,0.08906794900823761,0.0859505707929493
N0_s1,G1,34,0.29397187864079194,0.009995043873786927
N0_s1,G172,1,18.134572505950928,0.01813457250595093
N0_s1,overall,1000,0.11408018717268714,0.11408018717268714
N1_s0,G0,965,0.09064569876286795,0.08747309930616756
N1_s0,G1,34,0.15647879067589254,0.005320278882980346
N1_s0,G172,1,19.916453927755356,0.019916453927755356
N1_s0,overall,1000,0.11270983211690327,0.11270983211690327
N2_s0,G0,965,0.08942049734404195,0.08629077993700048
N2_s0,G1,34,0.21887203875709982,0.007441649317741394
N2_s0,G172,1,18.680232405662537,0.018680232405662536
N2_s0,overall,1000,0.11241266166040441,0.11241266166040441
N3_s0,G0,965,0.09885040259108169,0.09539063850039384
N3_s0,G1,34,0.18276173752896926,0.006213899075984955
N3_s0,G172,1,20.077181816101074,0.020077181816101075
N3_s0,overall,1000,0.12168171939247986,0.12168171939247986
T0_s0,G0,965,0.08841204719788062,0.0853176255459548
T0_s0,G1,34,0.2972146500559414,0.010105298101902008
T0_s0,G172,1,20.330719232559204,0.020330719232559205
T0_s0,overall,1000,0.11575364288041601,0.11575364288041601
