arm_tag,epoch,slot_rms_a,slot_zero_a,node_out_std_a,node_out_alive_a,node_out_std_b,node_out_alive_b,grad_W_A_S,grad_W_A_C,grad_node_enc,product_rms,dependency_delta,weak_task_use,gate_healthy
N0_s0,0,0.00024176899552072744,0.0,6.113949348218739e-05,True,6.90645829308778e-05,True,0.0002961120044346899,3.8823989598313347e-05,3.892211680067703e-05,0.00015657527744964225,3.920753944925329e-06,True,True
N0_s0,1,0.00011334568439445932,0.0,3.071925675612874e-05,True,3.163860674249008e-05,True,4.161019387538545e-05,1.631742088648025e-05,2.163446151826065e-05,6.0112951719185865e-05,8.417010514006211e-06,True,True
N0_s0,10,9.952882994409668e-06,0.009090252220630646,9.1981327443591e-08,True,9.3722768212956e-08,True,1.351798005089222e-06,6.285912377279601e-07,3.467134547463502e-06,4.8375350376601095e-06,1.9768295177935432e-07,True,True
N0_s0,20,6.803104162998666e-07,0.45063942670822144,1.8130785761627521e-10,False,2.1451106169134704e-10,False,7.056075723710364e-10,1.211301836612222e-09,3.355586741804473e-08,3.305676025712485e-07,1.427508202158557e-07,True,False
N0_s0,40,2.4941980963961576e-11,0.8899728655815125,0.0,False,0.0,False,1.0936510566226977e-18,8.245453342354419e-16,9.70240381092946e-13,1.2114662744870523e-11,1.808349309332652e-07,True,False
N0_s0,80,0.0,1.0,0.0,False,0.0,False,0.0,0.0,0.0,0.0,1.5589606896471866e-07,True,False
N0_s0,160,0.0,1.0,0.0,False,0.0,False,0.0,0.0,0.0,0.0,1.5220785794981237e-07,True,False
N0_s0,240,0.0,1.0,0.0,False,0.0,False,0.0,0.0,0.0,0.0,1.6980905664531774e-07,True,False
N0_s0_prefix,0,0.00024176899551714063,0.0,6.113948620622978e-05,True,6.90645829308778e-05,True,0.0002961119753308594,3.88240187021438e-05,3.892220775014721e-05,0.00015657527744964225,3.82299425982111e-06,True,True
N0_s0_prefix,1,0.0001051639174700674,0.0,2.7451167625258677e-05,True,2.8231470423634164e-05,True,1.004642490443075e-05,6.474409474321874e-06,6.145171028038021e-06,5.620395135373365e-05,7.710133466129083e-06,True,True
N0_s0_prefix,10,9.812899564568338e-06,0.008070381358265877,9.765467012812223e-08,True,9.957975066754443e-08,True,2.729504103626823e-06,1.063752733898582e-06,4.769760380440857e-06,4.76683712726433e-06,1.7233242848843898e-07,True,True
N0_s0_prefix,20,9.216397413885142e-07,0.46964049339294434,3.082908373031046e-09,False,3.0875357825976835e-09,False,1.2500357193800937e-08,1.5706449474350848e-08,3.594475117552065e-07,4.4797766204134247e-07,1.6469933513481266e-07,True,False
N0_s0_prefix,40,1.1264473607625366e-10,0.8810749053955078,0.0,False,0.0,False,7.162932133222521e-17,2.9960070340416534e-14,1.2366658912188466e-11,5.471350067129715e-11,1.6366387870436738e-07,True,False
N0_s0_prefix,80,0.0,1.0,0.0,False,0.0,False,0.0,0.0,0.0,0.0,1.43287542026247e-07,True,False
N0_s1,0,0.00022742370693593444,0.0,6.045803093002178e-05,True,6.494105036836118e-05,True,6.645745452260599e-05,1.6504756786162034e-05,1.5660956705687568e-05,0.0001475011223752953,6.36487692450771e-06,True,True
N0_s1,1,4.602493332719684e-05,0.0,4.777585218107561e-06,True,4.853446171182441e-06,True,5.714668077416718e-05,1.3051416317466646e-05,2.4238541300292127e-05,2.526771298409497e-05,9.460147151373676e-07,True,True
N0_s1,10,6.430964952433898e-11,0.03168359026312828,0.0,False,0.0,False,7.657700356628213e-16,5.018292096974075e-14,1.825776335673268e-11,3.1236156142980965e-11,1.7857609486961473e-07,True,False
N0_s1,20,1.455815320629767e-24,0.9420561790466309,0.0,False,0.0,False,0.0,0.0,0.0,7.071071233555561e-25,1.2427486916758962e-07,True,False
N0_s1,40,0.0,1.0,0.0,False,0.0,False,0.0,0.0,0.0,0.0,1.5676126039518645e-07,True,False
N0_s1,80,0.0,1.0,0.0,False,0.0,False,0.0,0.0,0.0,0.0,1.437664652670944e-07,True,False
N0_s1,160,0.0,1.0,0.0,False,0.0,False,0.0,0.0,0.0,0.0,1.59733360840921e-07,True,False
N0_s1,240,0.0,1.0,0.0,False,0.0,False,0.0,0.0,0.0,0.0,1.326668925816109e-07,True,False
N1_s0,0,0.979222395567695,0.0,0.27408814430236816,True,0.2684468626976013,True,1.233842134475708,0.16512635350227356,0.1595364212989807,0.00015657527744964225,0.0184867484604334,False,True
N1_s0,1,0.9634336819294411,0.0,0.3149692416191101,True,0.33680564165115356,True,2.904637098312378,0.5529913902282715,0.36579978466033936,0.00015414546339589176,0.2580105199890673,False,True
N1_s0,10,1.0483544445775757,0.0,0.4100518524646759,True,0.43398433923721313,True,1.6212459802627563,0.5781728625297546,0.3604586124420166,0.00017061587344937494,0.3809716056933711,False,True
N1_s0,20,1.1522607242162406,0.0,0.4514390230178833,True,0.4559652805328369,True,0.6834242343902588,0.3023468852043152,0.21426831185817719,0.00018724468888216896,0.456490200091731,False,True
N1_s0,40,1.2240697083662846,0.0,0.4965630769729614,True,0.5041095614433289,True,1.2232911586761475,0.5326175689697266,0.3844865560531616,0.00019671638584797425,0.5110200239702313,False,True
N1_s0,80,1.3192799878166181,0.0,0.6091344952583313,True,0.6278736591339111,True,0.8291252255439758,0.47624945640563965,0.2808603048324585,0.00021257066819608896,0.5404247644359618,False,True
N1_s0,160,1.298094093478981,0.0,0.7509438991546631,True,0.7711032629013062,True,0.3993891775608063,0.26933783292770386,0.1410251259803772,0.00021039687358862094,0.5674099383408282,False,True
N1_s0,240,1.263611154733281,0.0,0.8307027816772461,True,0.8522929549217224,True,0.49587005376815796,0.3359778821468353,0.1534079909324646,0.00020489194666872414,0.5576933930675307,False,True
N1_s0_prefix,0,0.9792223955760061,0.0,0.27408814430236816,True,0.2684468626976013,True,1.233841896057129,0.1651262789964676,0.15953630208969116,0.00015657527744964225,0.018486768062885687,False,True
N1_s0_prefix,1,0.9714864783249985,0.0,0.34541818499565125,True,0.35355377197265625,True,0.7841206789016724,0.3690599799156189,0.21551014482975006,0.0001554155549856254,0.3236482049800881,False,True
N1_s0_prefix,10,1.0787332809957237,0.0,0.4833150804042816,True,0.4952273666858673,True,0.9375200271606445,0.40186619758605957,0.26142776012420654,0.00017511520610744328,0.3609389909651114,False,True
N1_s0_prefix,20,1.1911053107049356,0.0,0.517258882522583,True,0.517911970615387,True,3.1866161823272705,1.4881216287612915,0.8584603071212769,0.00019160600615035552,0.3838835799514233,False,True
N1_s0_prefix,40,1.2884589019096437,0.0,0.5492560863494873,True,0.5578097105026245,True,1.6943395137786865,0.7972462177276611,0.5219710469245911,0.00020525590407470968,0.414976795486313,False,True
N1_s0_prefix,80,1.3616520319829033,0.0,0.6483812928199768,True,0.6662399768829346,True,0.9819187521934509,0.5392489433288574,0.32139328122138977,0.00021613146588015354,0.4989836795861757,False,True
N2_s0,0,0.00024176899552410782,0.0,6.113948620622978e-05,True,6.90645829308778e-05,True,0.0002961119753308594,3.8823993236292154e-05,3.892211680067703e-05,0.00015657527744964225,3.854814226776694e-06,True,True
N2_s0,1,0.00046664990712254355,0.0,0.0005527383182197809,True,0.0005627452046610415,True,0.00014753491268493235,0.00016844722267705947,7.921763608464971e-05,0.0002882474499518125,0.00028401400481095255,False,True
N2_s0,10,0.0016557743584815633,0.0,0.04676371067762375,True,0.04813326895236969,True,0.0776788666844368,0.01692095212638378,0.0014768423279747367,0.0011249038980199798,0.11180218594405546,False,True
N2_s0,20,0.0017423672945177373,0.0,0.05603613331913948,True,0.05818989872932434,True,0.15825027227401733,0.017375865951180458,0.0026382594369351864,0.0011878251984396345,0.13767271916912038,False,True
N2_s0,40,0.0018017231885162164,0.0,0.07382390648126602,True,0.07688397914171219,True,0.14566195011138916,0.018950603902339935,0.0021409259643405676,0.0012346576967542028,0.1525936992108597,False,True
N2_s0,80,0.002036483314565692,0.0,0.11216872930526733,True,0.11698231101036072,True,0.13043852150440216,0.015138896182179451,0.0013245090376585722,0.0014015035653726225,0.15618802295730677,False,True
N2_s0,160,0.002455933546229914,0.0,0.18694159388542175,True,0.1955544352531433,True,0.05711493268609047,0.014809670858085155,0.0014301326591521502,0.0016976183638658688,0.16096625069423057,False,True
N2_s0,240,0.002971339991125741,0.0,0.25804123282432556,True,0.2685564160346985,True,0.0856301560997963,0.022721754387021065,0.002132687484845519,0.0020573116377019442,0.1428579509342201,False,True
N2_s0_prefix,0,0.00024176899547273596,0.0,6.113948620622978e-05,True,6.90645829308778e-05,True,0.00029611194622702897,3.882379678543657e-05,3.8921760278753936e-05,0.00015657527744964225,3.888481988012832e-06,True,True
N2_s0_prefix,1,0.0004597358093089866,0.0,0.0004421753983478993,True,0.0004529325815383345,True,0.000710905937012285,0.00019222978153266013,0.00015335514035541564,0.0002794906932870073,0.00014882841124513324,False,True
N2_s0_prefix,10,0.0016929050908601859,0.0,0.03774351254105568,True,0.03873094543814659,True,0.10867036879062653,0.014110412448644638,0.0018232311122119427,0.0011488666625516393,0.12046658830229788,False,True
N2_s0_prefix,20,0.0017022224912662616,0.0,0.04312249273061752,True,0.043648116290569305,True,0.1452147662639618,0.020312169566750526,0.0017929553287103772,0.0011622149702582225,0.09958843676641774,False,True
N2_s0_prefix,40,0.0017666514242181946,0.0,0.05513835325837135,True,0.054740551859140396,True,0.11060967296361923,0.017395734786987305,0.0015657446347177029,0.0012032540846408752,0.11646351674403924,False,True
N2_s0_prefix,80,0.002044511269741397,0.0,0.08430588990449905,True,0.08664892613887787,True,0.03017583303153515,0.0194045752286911,0.0025463690981268883,0.0014086434491093916,0.14364796146592906,False,True
N3_s0,0,0.9792223955708383,0.0,0.27408814430236816,True,0.2684468626976013,True,1.2338416576385498,0.1651267111301422,0.15953655540943146,0.00015657527744964225,0.018486777758399096,False,True
N3_s0,1,1.0029992187071006,0.0,0.3544003367424011,True,0.36194273829460144,True,9.901389122009277,1.5918729305267334,1.3054677248001099,0.00016016708935230514,0.35715912728611343,False,True
N3_s0,10,1.0639157574559313,0.0,0.40409713983535767,True,0.4119010269641876,True,0.84786456823349,0.23511718213558197,0.19417282938957214,0.00017237255420531346,0.3296113045196825,False,True
N3_s0,20,1.1913801631354153,0.0,0.473391592502594,True,0.5041877031326294,True,0.6529090404510498,0.33541765809059143,0.22920435667037964,0.0001912674975406577,0.41056841907618213,False,True
N3_s0,40,1.2654483248993251,0.0,0.46744009852409363,True,0.4938337206840515,True,1.4008256196975708,0.5449005365371704,0.37458011507987976,0.00020217680315335826,0.47784777783632076,False,True
N3_s0,80,1.3359625726303095,0.0,0.5821301341056824,True,0.6155266761779785,True,0.596243143081665,0.2839280664920807,0.1863553673028946,0.00021320000289697897,0.5400009450556938,False,True
N3_s0,160,1.3034635000800476,0.0,0.6717584133148193,True,0.6977394223213196,True,0.7187408208847046,0.5390464067459106,0.23212337493896484,0.00020911981934519083,0.5326323972270856,False,True
N3_s0,240,1.2612652926307861,0.0,0.7232430577278137,True,0.7537733912467957,True,0.5913142561912537,0.4436336159706116,0.19015976786613464,0.00020184916102066657,0.5442713362843441,False,True
N3_s0_prefix,0,0.9792223955601516,0.0,0.27408814430236816,True,0.26844683289527893,True,1.2338413000106812,0.16512662172317505,0.1595364212989807,0.00015657527744964225,0.01848676225949406,False,True
N3_s0_prefix,1,0.9911980157336759,0.0,0.31573840975761414,True,0.3397085964679718,True,3.088449001312256,0.6187988519668579,0.44185516238212585,0.00015788664593319502,0.30207517917098714,False,True
N3_s0_prefix,10,1.0719384104954037,0.0,0.537290096282959,True,0.5425509810447693,True,0.4595682621002197,0.24553631246089935,0.17842581868171692,0.000172993137200827,0.33897298331006526,False,True
N3_s0_prefix,20,1.1799830123943402,0.0,0.5721901059150696,True,0.5775178074836731,True,1.554998755455017,0.7006340622901917,0.45103394985198975,0.00018937707631924973,0.3844075620993795,False,True
N3_s0_prefix,40,1.3124066743786076,0.0,0.5494393110275269,True,0.5556864738464355,True,0.6604923009872437,0.2871113419532776,0.23252299427986145,0.00020825717203845786,0.4183873057444024,False,True
N3_s0_prefix,80,1.3606061191255188,0.0,0.581351101398468,True,0.5939869284629822,True,0.49211230874061584,0.22171743214130402,0.17234539985656738,0.0002162417164104379,0.4634148921012946,False,True
T0_s0,0,0.00024176899553372447,0.0,6.113948620622978e-05,True,6.90645829308778e-05,True,0.00029645190807059407,3.888256105710752e-05,3.892065069521777e-05,0.00015657527744964225,3.871488731440336e-06,True,True
T0_s0,1,0.00010030996553433645,0.0,1.981488458113745e-05,True,2.0402427253429778e-05,True,0.00013262018910609186,3.420675784582272e-05,7.911917055025697e-05,5.2491490926639296e-05,3.7729887914588316e-06,True,True
T0_s0,10,4.731992145900226e-06,0.017722437158226967,2.4870924875131095e-08,False,2.523322883973833e-08,False,4.4729765136253263e-07,3.1337557970800844e-07,1.6422195585619193e-06,2.3024543001032794e-06,1.306916377772585e-07,True,False
T0_s0,20,1.1231907071007744e-07,0.6094222068786621,0.0,False,0.0,False,2.7186508599896797e-10,1.1362583096641288e-09,7.136640078897472e-08,5.457448394515701e-08,1.343963337027447e-07,True,False
T0_s0,40,2.6176532174164737e-14,0.9420561790466309,0.0,False,0.0,False,0.0,5.736661433214109e-19,3.708873096472777e-15,1.2714258228175375e-14,1.3711649438574718e-07,True,False
T0_s0,80,0.0,1.0,0.0,False,0.0,False,0.0,0.0,0.0,0.0,1.449351587830646e-07,True,False
T0_s0,160,0.0,1.0,0.0,False,0.0,False,0.0,0.0,0.0,0.0,1.3411853489832234e-07,True,False
T0_s0,240,0.0,1.0,0.0,False,0.0,False,0.0,0.0,0.0,0.0,1.7344992234935354e-07,True,False
