arm,stratum,n,mae,contribution
N0_s0,penalty_0,965,0.08712998015783158,0.08408043085230747
N0_s0,penalty_-1,30,0.1547958254814148,0.0046438747644424435
N0_s0,penalty_le_-2,5,4.4963655233383175,0.02248182761669159
N0_s0,penalty_any_neg,35,0.775020068032401,0.027125702381134032
N0_s1,penalty_0,965,0.08906794900823761,0.0859505707929493
N0_s1,penalty_-1,30,0.1682379921277364,0.005047139763832092
N0_s1,penalty_le_-2,5,4.6164953231811525,0.02308247661590576
N0_s1,penalty_any_neg,35,0.8037033251353672,0.028129616379737855
N1_s0,penalty_0,965,0.09064569876286795,0.08747309930616756
N1_s0,penalty_-1,30,0.12353940804799397,0.0037061822414398192
N1_s0,penalty_le_-2,5,4.306110113859177,0.021530550569295884
N1_s0,penalty_any_neg,35,0.7210495088781629,0.025236732810735702
N2_s0,penalty_0,965,0.08942049734404195,0.08629077993700048
N2_s0,penalty_-1,30,0.15966332356135052,0.004789899706840515
N2_s0,penalty_le_-2,5,4.266396403312683,0.021331982016563417
N2_s0,penalty_any_neg,35,0.7463394778115409,0.02612188172340393
N3_s0,penalty_0,965,0.09885040259108169,0.09539063850039384
N3_s0,penalty_-1,30,0.13445364435513815,0.004033609330654144
N3_s0,penalty_le_-2,5,4.451494312286377,0.022257471561431885
N3_s0,penalty_any_neg,35,0.7511737397738866,0.026291080892086028
T0_s0,penalty_0,965,0.08841204719788062,0.0853176255459548
T0_s0,penalty_-1,30,0.13250848650932312,0.003975254595279694
T0_s0,penalty_le_-2,5,5.292152547836304,0.026460762739181517
T0_s0,penalty_any_neg,35,0.8696004952703204,0.03043601733446121
