arm,label,part,group,n,raw_mae,cal_mae,raw_contribution,cal_contribution
D,g,fit,k=0,7713,0.03431454762433931,0.032999871146446376,0.03308351322831614,0.03181600076906761
D,g,fit,k=-1,252,0.04405670110523205,0.04118866312388182,0.0013877860848148095,0.0012974428884022773
D,g,fit,k=-2,30,0.04211050406735435,0.038919368079414915,0.0001579143902525788,0.00014594763029780595
D,g,fit,k<=-3,5,0.06088084960239328,0.05084379530615193,3.80505310014958e-05,3.1777372066344955e-05
D,g,fit,k<=-2,35,0.04479198200093134,0.04062285768323449,0.0001959649212540746,0.0001777250023641509
D,y_ref,fit,k=0,7713,0.03680201249108708,0.03478060884995852,0.035481740292969334,0.03353285450746626
D,y_ref,fit,k=-1,252,0.05919579712171403,0.05968185455080063,0.001864667609333992,0.0018799784183502197
D,y_ref,fit,k=-2,30,0.3100058317184448,0.3171809951464335,0.001162521868944168,0.0011894287317991256
D,y_ref,fit,k<=-3,5,3.9699560582637785,3.9619654715061188,0.0024812225364148617,0.0024762284196913243
D,y_ref,fit,k<=-2,35,0.8328558640820639,0.8378644917692457,0.0036437444053590297,0.00366565715149045
M,g,fit,k=0,7713,0.03969090926060016,0.02901863211634395,0.038266997890876134,0.02797758868917011
M,g,fit,k=-1,252,0.054929969645704534,0.03649214068549227,0.0017302940438396928,0.0011495024315930067
M,g,fit,k=-2,30,0.045172807537343,0.03525716841552,0.00016939802826503625,0.0001322143815582
M,g,fit,k<=-3,5,0.051542526617523524,0.03271552309724972,3.22140791359522e-05,2.0447201935781077e-05
M,g,fit,k<=-2,35,0.046082767405940216,0.03489407622719568,0.00020161210740098846,0.00015266158349398109
M,y_ref,fit,k=0,7713,0.03564384793340922,0.03070680911359298,0.034365124888798164,0.029605202336642832
M,y_ref,fit,k=-1,252,0.05221543189079043,0.057425330555628214,0.0016447861045598984,0.0018088979125022889
M,y_ref,fit,k=-2,30,0.22037494977315267,0.22856703599294026,0.0008264060616493225,0.000857126384973526
M,y_ref,fit,k<=-3,5,1.1298398971557617,1.1503201127052307,0.000706149935722351,0.0007189500704407692
M,y_ref,fit,k<=-2,35,0.35029851368495396,0.3602460469518389,0.0015325559973716736,0.0015760764554142953
D,g,dev,k=0,1915,0.10498869935466514,0.10361374663173856,0.10052667963209187,0.09921016239988967
D,g,dev,k=-1,73,0.15163010170833674,0.1501397752281012,0.0055344987123542915,0.005480101795825694
D,g,dev,k=-2,10,0.1180756859068639,0.12507775234182708,0.0005903784295343195,0.0006253887617091354
D,g,dev,k<=-3,2,0.18227958854957294,0.1706094778246341,0.00018227958854957294,0.0001706094778246341
D,g,dev,k<=-2,12,0.12877633634731542,0.13266637325562824,0.0007726580180838924,0.0007959982395337695
D,y_ref,dev,k=0,1915,0.10544963864613854,0.10429955195479323,0.10096802900367766,0.09986682099671453
D,y_ref,dev,k=-1,73,0.18831218268773328,0.18803864064281933,0.006873394668102264,0.006863410383462906
D,y_ref,dev,k=-2,10,0.5379560708999633,0.5273019552230835,0.0026897803544998168,0.0026365097761154176
D,y_ref,dev,k<=-3,2,13.606773376464844,13.593455731868744,0.013606773376464844,0.013593455731868744
D,y_ref,dev,k<=-2,12,2.71609228849411,2.7049942513306937,0.016296553730964662,0.01622996550798416
M,g,dev,k=0,1915,0.10725106172540423,0.10187497662134429,0.10269289160207455,0.09754529011493716
M,g,dev,k=-1,73,0.12802404793793176,0.1263883160560461,0.004672877749734509,0.0046131735360456835
M,g,dev,k=-2,10,0.1828417181968689,0.1828417181968689,0.0009142085909843445,0.0009142085909843445
M,g,dev,k<=-3,2,0.6760422604970522,0.6446639212965959,0.0006760422604970522,0.0006446639212965958
M,g,dev,k<=-2,12,0.2650418085802328,0.2598120853801567,0.0015902508514813968,0.0015588725122809403
M,y_ref,dev,k=0,1915,0.10647461057896543,0.10330495342758773,0.1019494396293594,0.09891449290691526
M,y_ref,dev,k=-1,73,0.1827690878959551,0.18292291278708472,0.006671071708202362,0.0066766863167285915
M,y_ref,dev,k=-2,10,0.43327951431274414,0.42099138498306277,0.002166397571563721,0.002104956924915314
M,y_ref,dev,k<=-3,2,9.356591701507568,9.3361114859581,0.009356591701507568,0.0093361114859581
M,y_ref,dev,k<=-2,12,1.920498212178548,1.9068447351455688,0.011522989273071289,0.011441068410873414
