route,group,n,q_B_mae_vs_c,q_H_mae_vs_c,q_signed_B,q_signed_H,h_err_vs_g_mae,y_B_raw_mae,y_H_raw_mae,y_B_cal_mae,y_H_cal_mae,gain_cal,B_contrib,H_contrib,gain_contrib,k_true_counts
CONSISTENT_HIT,overall,988,0.022130489862511718,1.682263077771819e-09,0.021251561821472306,-9.303647034062273e-13,0.08700218145222534,0.10798525140117166,0.0870021810492347,0.10878474009971498,0.08782137114253863,0.020963368957176348,0.1074793232185184,0.08676751468882817,0.02071180852969023,"{'-6': 1, '-2': 1, '-1': 26, '0': 960}"
CONSISTENT_HIT,k=0,960,0.0003973309575182308,2.1794657224794012e-11,0.00024016207704941433,2.1794657224794012e-11,0.08619466068576002,0.08619194699270641,0.08619466070693617,0.0869639944003211,0.08697631693885341,-1.2322538532311134e-05,0.08348543462430826,0.08349726426129928,-1.1829636991024018e-05,{'0': 960}
CONSISTENT_HIT,k=-1,26,0.022840454028202936,2.9951261026894827e-08,-0.004755652867830717,-2.9951261026894827e-08,0.11694542662455486,0.11751147359609604,0.1169454083075778,0.12028029389106311,0.11921347867464432,0.0010668152164187844,0.0031272876411676405,0.0030995504455407527,2.7737195626888145e-05,{'-1': 26}
CONSISTENT_HIT,k=-2,1,0.14882707595825195,5.2764773883495764e-08,0.14882707595825195,-5.2764773883495764e-08,0.0852363109588623,0.06359076499938965,0.08523636372363619,0.05196076259016991,0.09668316318806802,-0.044722400597898115,5.196076259016991e-05,9.668316318806802e-05,-4.472240059789812e-05,{'-2': 1}
CONSISTENT_HIT,k<=-3,1,20.740807384252548,8.096554893199936e-07,20.740807384252548,8.096554893199936e-07,0.08546361327171326,20.826270192861557,0.08546361826449811,20.814640190452337,0.0740168188000645,20.740623371652273,0.020814640190452337,7.40168188000645e-05,0.02074062337165227,{'-6': 1}
TRAIN_CONFLICT_FALLBACK,overall,0,,,,,,,,,,,,,,
TRAIN_CONFLICT_FALLBACK,k=0,0,,,,,,,,,,,,,,
TRAIN_CONFLICT_FALLBACK,k=-1,0,,,,,,,,,,,,,,
TRAIN_CONFLICT_FALLBACK,k=-2,0,,,,,,,,,,,,,,
TRAIN_CONFLICT_FALLBACK,k<=-3,0,,,,,,,,,,,,,,
UNSEEN_FALLBACK,overall,12,0.8020616842404706,0.8020616842404706,-0.44651679924087756,-0.44651679924087756,0.21110920328646898,0.8272383573154608,0.8272383573154608,0.8272383573154608,0.8272383573154607,1.1102230246251565e-16,0.00992686028778553,0.009926860287785529,1.7763568394002505e-18,"{'-2': 3, '-1': 4, '0': 5}"
UNSEEN_FALLBACK,k=0,5,0.0028162176837213337,0.0028162176837213337,-0.0028162176837213337,-0.0028162176837213337,0.15366623029112816,0.15480473041534423,0.15480473041534423,0.16178273186087608,0.16167281009400364,0.00010992176687243949,0.0008089136593043804,0.0008083640504700182,5.496088343621697e-07,{'0': 5}
UNSEEN_FALLBACK,k=-1,4,0.036916255950927734,0.036916255950927734,0.007748842239379883,0.007748842239379883,0.16939498111605644,0.1771438606083393,0.1771438606083393,0.16551385819911957,0.16569706114390678,-0.0001832029447872141,0.0006620554327964783,0.0006627882445756271,-7.328117791488565e-07,{'-1': 4}
UNSEEN_FALLBACK,k=-2,3,3.15433136622111,3.15433136622111,-1.7917052904764812,-1.7917052904764812,0.3624664545059204,2.8147537310918174,2.8147537310918174,2.8186303985615573,2.8185693309132946,6.1067648262636e-05,0.008455891195684672,0.008455707992739883,1.83202944787908e-07,{'-2': 3}
UNSEEN_FALLBACK,k<=-3,0,,,,,,,,,,,,,,
