valid_row,stable_id,k,route,B_abs_err_cal,H_abs_err_cal,gain_cal,improved,worsened
172,valid:0172,-6,CONSISTENT_HIT,20.814640190452337,0.0740168188000645,20.740623371652273,True,False
935,valid:0935,-2,UNSEEN_FALLBACK,5.273610059171915,5.273426856227127,0.000183202944787908,True,False
214,valid:0214,-2,UNSEEN_FALLBACK,2.001498516649008,2.0016817195937957,-0.000183202944787908,False,True
249,valid:0249,-2,UNSEEN_FALLBACK,1.1807826198637486,1.1805994169189606,0.000183202944787908,True,False
423,valid:0423,0,CONSISTENT_HIT,0.9278409443795681,0.9274315806105733,0.0004093637689948082,True,False
189,valid:0189,0,CONSISTENT_HIT,0.8129347823560238,0.8145138239488006,-0.0015790415927767754,False,True
917,valid:0917,0,UNSEEN_FALLBACK,0.6576606445014477,0.6574774415566602,0.0001832029447874639,True,False
615,valid:0615,0,CONSISTENT_HIT,0.6266039609909058,0.6263868240639567,0.0002171369269490242,True,False
221,valid:0221,0,CONSISTENT_HIT,0.5956378802657127,0.5959777561947703,-0.0003398759290575981,False,True
16,valid:0016,0,CONSISTENT_HIT,0.5778207443654537,0.5774989994242787,0.000321744941174984,True,False
