fold,view,key,split,joint_seen_old,joint_seen_new,joint_rare_marginals_seen_old,joint_rare_marginals_seen_new,structure_rare_old,structure_rare_new,semantic_rare_old,semantic_rare_new,both_rare_old,both_rare_new,unseen_joint_old,unseen_joint_new,high_n_old,high_n_new,low_n_old,low_n_new,n_pairs_old,n_pairs_new,matched_mae_high_minus_low_old,matched_mae_high_minus_low_new,note
A,edge,residual_support,meta_g0,0.9984875876881489,0.9888409602302042,0.0007995891953773913,0.0017490382038801622,0.0007128231164737226,0.00941000156591564,0.0,0.0,0.0,0.0,0.000128156669056601,0.002353431823845699,0,0,3843,3820,0,0,,,
A,edge,residual_support,dev_g0,0.9986187604130609,0.9897210096052927,0.0008058248696801722,0.0020193101052805367,0.0005754147172589988,0.008259680289426781,0.0,0.0,0.0,0.0,0.00010768349911833788,0.0030055019528760396,0,0,1920,1903,0,0,,,
A,edge,full_descriptor,meta_g0,0.9980526539733946,0.9770947641310543,0.0011436551711400107,0.0035481759845776544,0.0008036908554655063,0.019357059884368092,0.0,0.0,0.0,0.0,0.0001507423751536061,0.005186393216918609,0,0,3840,3784,0,0,,,
A,edge,full_descriptor,dev_g0,0.9981873653066687,0.97874943702255,0.0011663985863028178,0.0035985210344383956,0.0006462361070285286,0.017652041943011555,0.0,0.0,0.0,0.0,0.00013926682886265647,0.005851630530843135,0,0,1918,1892,0,0,,,
A,node,residual_support,meta_g0,0.9961913948297217,0.9961913948297217,0.0022723649158807265,0.0022723649158807265,0.0015007366483926702,0.0015007366483926702,3.5503606004774535e-05,3.5503606004774535e-05,0.0,0.0,0.0005732511190643904,0.0005732511190643904,0,0,3784,3784,0,0,,,
A,node,residual_support,dev_g0,0.9965046995807526,0.9965046995807526,0.002139354900362981,0.002139354900362981,0.0012965586627228238,0.0012965586627228238,5.938685616164084e-05,5.938685616164084e-05,0.0,0.0,0.001090116979866024,0.001090116979866024,0,0,1897,1897,0,0,,,
A,node,full_descriptor,meta_g0,0.9932224315929404,0.9932224315929404,0.0037456942101285473,0.0037456942101285473,0.0029963705909261916,0.0029963705909261916,3.5503606004774535e-05,3.5503606004774535e-05,0.0,0.0,0.0011286806821135815,0.0011286806821135815,0,0,3748,3748,0,0,,,
A,node,full_descriptor,dev_g0,0.9940092724258831,0.9940092724258831,0.003482358432950766,0.003482358432950766,0.0024489822850044126,0.0024489822850044126,5.938685616164084e-05,5.938685616164084e-05,0.0,0.0,0.0016108290595406396,0.0016108290595406396,0,0,1875,1875,0,0,,,
B,edge,residual_support,meta_g0,0.9983002047628609,0.985343718604835,0.0011433424653626034,0.0019317879392427343,0.0005564527717765467,0.012724493455922232,0.0,0.0,0.0,0.0,0.00025926010855867174,0.004330734060492103,0,0,3837,3813,0,0,,,
B,edge,residual_support,dev_g0,0.9985755005108258,0.9887531006550934,0.0010361737293426586,0.0017532593039526502,0.0003883257598316059,0.009493640040953849,0.0,0.0,0.0,0.0,9.135605306844379e-05,0.0035874500347570183,0,0,1916,1908,0,0,,,
B,edge,full_descriptor,meta_g0,0.998011662966739,0.9740508847090881,0.0013109474601891579,0.003530806966800006,0.0006773895730717604,0.022418308324112048,0.0,0.0,0.0,0.0,0.00029313334419768256,0.00844438652782051,0,0,3836,3770,0,0,,,
B,edge,full_descriptor,dev_g0,0.9983081490585676,0.9786708040563205,0.0012464431419371776,0.003181226068237188,0.00044540779949516813,0.01814796987544234,0.0,0.0,0.0,0.0,0.00010810478853891574,0.006598431172352391,0,0,1913,1891,0,0,,,
B,node,residual_support,meta_g0,0.9943935028622136,0.9943935028622136,0.002601446332370785,0.002601446332370785,0.0029720426679010576,0.0029720426679010576,2.4053902609028414e-05,2.4053902609028414e-05,8.954234905398507e-06,8.954234905398507e-06,0.0012397397962558658,0.0012397397962558658,0,0,3769,3769,0,0,,,
B,node,residual_support,dev_g0,0.9959050254567879,0.9959050254567879,0.0022474707896599803,0.0022474707896599803,0.0017881168973904172,0.0017881168973904172,5.938685616164084e-05,5.938685616164084e-05,0.0,0.0,0.0013419731337469423,0.0013419731337469423,0,0,1893,1893,0,0,,,
B,node,full_descriptor,meta_g0,0.9909395748803131,0.9909395748803131,0.004636245306992636,0.004636245306992636,0.004391171675179726,0.004391171675179726,2.4053902609028414e-05,2.4053902609028414e-05,8.954234905398507e-06,8.954234905398507e-06,0.002411770704972612,0.002411770704972612,0,0,3717,3717,0,0,,,
B,node,full_descriptor,dev_g0,0.9928381174010426,0.9928381174010426,0.004348179526595096,0.004348179526595096,0.0027543162162006747,0.0027543162162006747,5.938685616164084e-05,5.938685616164084e-05,0.0,0.0,0.0019515545406187716,0.0019515545406187716,0,0,1862,1862,0,0,,,
A,edge,cardinality,train_fold,,,,,169,1037,207,2123,317,1257,,,,,,,,,,,structure_rare_* column = unique support keys; semantic_rare_* = unique descriptor keys; both_rare_* = unique joint keys
B,edge,cardinality,train_fold,,,,,169,1095,207,2123,317,1317,,,,,,,,,,,structure_rare_* column = unique support keys; semantic_rare_* = unique descriptor keys; both_rare_* = unique joint keys
