quantity,group,n,value
global_min_l1_per_row,overall,8000,0.0060697235
global_opt_group_cost,k=0,7702,0.0020264685
global_opt_group_cost,k=-1,260,0.0066700258
global_opt_group_cost,k=-2,33,0.1051034369
global_opt_group_cost,k<=-3,5,5.5494614660
global_opt_group_cost,k<=-2,38,0.8214663354
group_only_min_l1,k=0,7702,0.0000000000
group_only_min_l1,k=-1,260,0.0000000000
group_only_min_l1,k=-2,33,0.0000000000
group_only_min_l1,k<=-3,5,0.0000000000
balanced_opt_group_cost,k=0,7702,0.0108078320
balanced_opt_group_cost,k=-1,260,0.0000000000
balanced_opt_group_cost,k=-2,33,0.0000000000
balanced_opt_group_cost,k<=-3,5,0.0000000000
