class_id,member_stable_id,k,c,c_min,c_max,c_median,T25_sha256,contains_k<=-2,contains_k<=-3
86,train:3741,-1,-3.4679507041,-3.4679507041,0.0004627121,-1.7337439960,a54506e9b8b3f12eb98dc7c2a9d2e4133e5ad44be219382d07aeb36975a68c69,False,False
86,train:7491,0,0.0004627121,-3.4679507041,0.0004627121,-1.7337439960,a54506e9b8b3f12eb98dc7c2a9d2e4133e5ad44be219382d07aeb36975a68c69,False,False
232,train:0593,-5,-17.3416043691,-17.3416043691,0.0004627121,0.0004627121,5f329e45b9b7c6847a221e1797f8fd5f50392591e82b3b942c0d084b6da10ea6,True,True
232,train:2447,0,0.0004627121,-17.3416043691,0.0004627121,0.0004627121,5f329e45b9b7c6847a221e1797f8fd5f50392591e82b3b942c0d084b6da10ea6,True,True
232,train:2472,0,0.0004627121,-17.3416043691,0.0004627121,0.0004627121,5f329e45b9b7c6847a221e1797f8fd5f50392591e82b3b942c0d084b6da10ea6,True,True
232,train:9913,0,0.0004627121,-17.3416043691,0.0004627121,0.0004627121,5f329e45b9b7c6847a221e1797f8fd5f50392591e82b3b942c0d084b6da10ea6,True,True
250,train:2232,-2,-6.9363641204,-6.9363641204,0.0004627121,-3.4679507041,13aa508161f5c54d3e5731cd567c66531de67fd41438212a35157433837d2ba4,True,False
250,train:3626,0,0.0004627121,-6.9363641204,0.0004627121,-3.4679507041,13aa508161f5c54d3e5731cd567c66531de67fd41438212a35157433837d2ba4,True,False
259,train:1270,0,0.0004627121,-20.8100177853,0.0004627121,-10.4047775366,80cb01fd2f15caa47569e1460ff3a0f4d6de18a7eb61cfc7ff6414d41e079ae6,True,True
259,train:1424,-6,-20.8100177853,-20.8100177853,0.0004627121,-10.4047775366,80cb01fd2f15caa47569e1460ff3a0f4d6de18a7eb61cfc7ff6414d41e079ae6,True,True
