arm,part,group,n,raw_mae,cal_mae,raw_contribution,cal_contribution
D,fit,k=0,7713,0.03680201249108708,0.03478060884995852,0.035481740292969334,0.03353285450746626
D,fit,k=-1,252,0.05919579712171403,0.05968185455080063,0.001864667609333992,0.0018799784183502197
D,fit,k=-2,30,0.3100058317184448,0.3171809951464335,0.001162521868944168,0.0011894287317991256
D,fit,k<=-3,5,3.9699560582637785,3.9619654715061188,0.0024812225364148617,0.0024762284196913243
D,fit,k<=-2,35,0.8328558640820639,0.8378644917692457,0.0036437444053590297,0.00366565715149045
M,fit,k=0,7713,0.03564384793340922,0.03070680911359298,0.034365124888798164,0.029605202336642832
M,fit,k=-1,252,0.05221543189079043,0.057425330555628214,0.0016447861045598984,0.0018088979125022889
M,fit,k=-2,30,0.22037494977315267,0.22856703599294026,0.0008264060616493225,0.000857126384973526
M,fit,k<=-3,5,1.1298398971557617,1.1503201127052307,0.000706149935722351,0.0007189500704407692
M,fit,k<=-2,35,0.35029851368495396,0.3602460469518389,0.0015325559973716736,0.0015760764554142953
D,dev,k=0,1915,0.10544963864613854,0.10429955195479323,0.10096802900367766,0.09986682099671453
D,dev,k=-1,73,0.18831218268773328,0.18803864064281933,0.006873394668102264,0.006863410383462906
D,dev,k=-2,10,0.5379560708999633,0.5273019552230835,0.0026897803544998168,0.0026365097761154176
D,dev,k<=-3,2,13.606773376464844,13.593455731868744,0.013606773376464844,0.013593455731868744
D,dev,k<=-2,12,2.71609228849411,2.7049942513306937,0.016296553730964662,0.01622996550798416
M,dev,k=0,1915,0.10647461057896543,0.10330495342758773,0.1019494396293594,0.09891449290691526
M,dev,k=-1,73,0.1827690878959551,0.18292291278708472,0.006671071708202362,0.0066766863167285915
M,dev,k=-2,10,0.43327951431274414,0.42099138498306277,0.002166397571563721,0.002104956924915314
M,dev,k<=-3,2,9.356591701507568,9.3361114859581,0.009356591701507568,0.0093361114859581
M,dev,k<=-2,12,1.920498212178548,1.9068447351455688,0.011522989273071289,0.011441068410873414
