stable_id,edge_u,edge_v,atom_u,atom_v
train:3741,0,1,0,0
train:3741,1,2,0,0
train:3741,1,3,0,0
train:3741,1,30,0,0
train:3741,3,4,0,4
train:3741,4,5,4,0
train:3741,4,9,4,2
train:3741,5,6,0,0
train:3741,6,7,0,0
train:3741,6,8,0,0
train:3741,6,30,0,0
train:3741,8,9,0,2
train:3741,9,10,2,0
train:3741,10,11,0,2
train:3741,10,26,0,0
train:3741,11,12,2,0
train:3741,12,13,0,2
train:3741,13,14,2,0
train:3741,14,15,0,2
train:3741,14,26,0,0
train:3741,15,16,2,2
train:3741,16,17,2,0
train:3741,17,18,0,1
train:3741,17,19,0,0
train:3741,19,20,0,0
train:3741,19,25,0,0
train:3741,20,21,0,0
train:3741,21,22,0,0
train:3741,22,23,0,0
train:3741,23,24,0,6
train:3741,23,25,0,0
train:3741,26,27,0,12
train:3741,27,28,12,1
train:3741,27,29,12,7
train:7491,0,1,0,1
train:7491,1,2,1,0
train:7491,2,3,0,1
train:7491,2,4,0,0
train:7491,4,5,0,0
train:7491,4,13,0,0
train:7491,4,19,0,4
train:7491,5,6,0,0
train:7491,6,7,0,0
train:7491,6,11,0,0
train:7491,7,8,0,0
train:7491,8,9,0,0
train:7491,9,10,0,0
train:7491,10,11,0,0
train:7491,11,12,0,3
train:7491,13,14,0,1
train:7491,13,15,0,0
train:7491,15,16,0,4
train:7491,16,17,4,0
train:7491,16,20,4,2
train:7491,17,18,0,0
train:7491,18,19,0,4
train:7491,19,20,4,2
train:7491,20,21,2,0
train:7491,21,22,0,0
train:7491,22,23,0,0
train:7491,22,27,0,0
train:7491,23,24,0,0
train:7491,24,25,0,0
train:7491,25,26,0,0
train:7491,26,27,0,0
train:0593,0,1,0,0
train:0593,1,2,0,1
train:0593,2,3,1,0
train:0593,3,4,0,0
train:0593,3,24,0,0
train:0593,4,5,0,0
train:0593,5,6,0,0
train:0593,6,7,0,0
train:0593,6,23,0,0
train:0593,7,8,0,1
train:0593,7,9,0,2
train:0593,9,10,2,0
train:0593,10,11,0,0
train:0593,10,15,0,0
train:0593,11,12,0,0
train:0593,12,13,0,0
train:0593,12,22,0,0
train:0593,13,14,0,0
train:0593,13,19,0,2
train:0593,14,15,0,0
train:0593,14,16,0,0
train:0593,16,17,0,0
train:0593,17,18,0,1
train:0593,17,19,0,2
train:0593,19,20,2,0
train:0593,20,21,0,0
train:0593,21,22,0,0
train:0593,23,24,0,0
train:0593,24,25,0,1
train:0593,25,26,1,0
train:0593,26,27,0,0
train:2447,0,1,0,0
train:2447,1,2,0,0
train:2447,2,3,0,0
train:2447,3,4,0,0
train:2447,3,8,0,0
train:2447,4,5,0,0
train:2447,5,6,0,0
train:2447,6,7,0,0
train:2447,7,8,0,0
train:2447,8,9,0,1
train:2447,9,10,1,0
train:2447,10,11,0,4
train:2447,11,12,4,1
train:2447,11,13,4,0
train:2447,13,14,0,2
train:2447,14,15,2,0
train:2447,14,26,2,0
train:2447,15,16,0,1
train:2447,15,17,0,0
train:2447,17,18,0,0
train:2447,17,22,0,0
train:2447,18,19,0,0
train:2447,18,26,0,0
train:2447,19,20,0,0
train:2447,19,23,0,0
train:2447,20,21,0,0
train:2447,21,22,0,0
train:2447,23,24,0,0
train:2447,24,25,0,0
train:2447,25,26,0,0
train:2232,0,1,1,0
train:2232,1,2,0,0
train:2232,1,25,0,2
train:2232,2,3,0,0
train:2232,3,4,0,0
train:2232,4,5,0,0
train:2232,5,6,0,4
train:2232,5,25,0,2
train:2232,6,7,4,0
train:2232,6,23,4,0
train:2232,7,8,0,4
train:2232,8,9,4,0
train:2232,8,24,4,0
train:2232,9,10,0,2
train:2232,10,11,2,0
train:2232,10,23,2,0
train:2232,11,12,0,2
train:2232,11,22,0,2
train:2232,12,13,2,0
train:2232,13,14,0,0
train:2232,14,15,0,0
train:2232,15,16,0,0
train:2232,15,22,0,2
train:2232,16,17,0,0
train:2232,17,18,0,0
train:2232,18,19,0,3
train:2232,18,20,0,3
train:2232,18,21,0,3
train:2232,24,25,0,2
train:3626,0,1,0,0
train:3626,1,2,0,2
train:3626,1,16,0,1
train:3626,1,17,0,4
train:3626,2,3,2,0
train:3626,3,4,0,5
train:3626,3,5,0,2
train:3626,5,6,2,4
train:3626,6,7,4,0
train:3626,6,17,4,4
train:3626,7,8,0,0
train:3626,7,15,0,0
train:3626,8,9,0,0
train:3626,9,10,0,12
train:3626,9,13,0,0
train:3626,10,11,12,1
train:3626,10,12,12,7
train:3626,13,14,0,0
train:3626,14,15,0,0
train:3626,15,16,0,1
train:3626,17,18,4,0
train:3626,18,19,0,1
train:3626,18,20,0,2
train:3626,20,21,2,0
train:3626,21,22,0,0
train:3626,21,27,0,0
train:3626,22,23,0,0
train:3626,23,24,0,0
train:3626,24,25,0,6
train:3626,24,26,0,0
train:3626,26,27,0,0
train:1424,0,1,1,0
train:1424,1,2,0,2
train:1424,1,16,0,0
train:1424,2,3,2,0
train:1424,3,4,0,0
train:1424,4,5,0,0
train:1424,4,15,0,0
train:1424,5,6,0,0
train:1424,6,7,0,2
train:1424,7,8,2,0
train:1424,7,14,2,0
train:1424,8,9,0,2
train:1424,8,13,0,2
train:1424,9,10,2,0
train:1424,10,11,0,0
train:1424,11,12,0,0
train:1424,12,13,0,2
train:1424,14,15,0,0
train:1424,16,17,0,1
train:1424,16,18,0,2
train:1424,18,19,2,0
train:1424,19,20,0,0
train:1424,19,24,0,0
train:1424,20,21,0,0
train:1424,21,22,0,0
train:1424,21,32,0,0
train:1424,22,23,0,0
train:1424,22,29,0,2
train:1424,23,24,0,0
train:1424,23,25,0,0
train:1424,25,26,0,0
train:1424,26,27,0,0
train:1424,27,28,0,1
train:1424,27,29,0,2
train:1424,29,30,2,0
train:1424,30,31,0,0
train:1424,31,32,0,0
train:1270,0,1,0,1
train:1270,1,2,1,0
train:1270,2,3,0,0
train:1270,2,33,0,0
train:1270,3,4,0,0
train:1270,4,5,0,0
train:1270,5,6,0,2
train:1270,5,32,0,0
train:1270,6,7,2,0
train:1270,7,8,0,5
train:1270,7,9,0,2
train:1270,9,10,2,0
train:1270,9,31,2,0
train:1270,10,11,0,0
train:1270,11,12,0,8
train:1270,12,13,8,0
train:1270,12,30,8,0
train:1270,13,14,0,0
train:1270,14,15,0,2
train:1270,15,16,2,0
train:1270,15,28,2,0
train:1270,16,17,0,1
train:1270,16,18,0,0
train:1270,18,19,0,0
train:1270,18,27,0,0
train:1270,19,20,0,0
train:1270,20,21,0,0
train:1270,21,22,0,0
train:1270,22,23,0,0
train:1270,22,27,0,0
train:1270,23,24,0,0
train:1270,24,25,0,0
train:1270,25,26,0,0
train:1270,26,27,0,0
train:1270,26,28,0,0
train:1270,28,29,0,1
train:1270,30,31,0,0
train:1270,32,33,0,0
