seed,arm,group,n,mae,raw_mae,signed_residual,contribution
0,Y,k0,1926,0.1021288210883152,0.10442999423660318,0.0008095141996420158,0.09835005470804754
0,Y,k-1,65,0.15146082043647766,0.15222352101252629,0.002252468237510094,0.004922476664185524
0,Y,kle-2,9,4.979330013195674,4.98427873187595,-4.6051742533842726,0.022406985059380533
0,Y,overall,2000,0.1256795164316136,0.12794260317619774,-0.019870516748254886,0.1256795164316136
0,O,k0,1926,0.10026607151538679,0.10073117796347254,0.000275944638761579,0.09655622686931747
0,O,k-1,65,0.11796480529688279,0.11907188677348696,0.0020978642250185386,0.0038338561721486908
0,O,kle-2,9,0.27468405292724996,0.27160882660334923,-0.18913097965245443,0.0012360782381726247
0,O,overall,2000,0.10162616127963878,0.10209620041867745,-0.0005171741339955418,0.10162616127963878
1,Y,k0,1926,0.1022799806102691,0.10380736357056262,-0.005896776192259433,0.09849562132768915
1,Y,k-1,65,0.17805471420288085,0.18331236289097713,-0.0773718943962684,0.005786778211593628
1,Y,kle-2,9,3.568223410182529,3.5797777705722384,-3.3655910889307656,0.01605700534582138
1,Y,overall,2000,0.12033940488510415,0.12203314287998364,-0.023338341941213002,0.12033940488510415
1,O,k0,1926,0.09694505744843515,0.09762142898628325,-0.0036685957447570184,0.09335809032284305
1,O,k-1,65,0.12795189084948233,0.12573677422783988,0.02143678630939934,0.0041584364526081755
1,O,kle-2,9,0.3294148665682455,0.33342652779540827,-0.19169593911332397,0.0014823668995571047
1,O,overall,2000,0.09899889367500833,0.09959630065127491,-0.0036987938731554877,0.09899889367500833
