dev_pos,global_index,canonical_group_id,k,y,c,g,Y_s0_raw,Y_s0_cal,Y_s0_err_cal,O_s0_raw,O_s0_cal,O_s0_err_cal,Y_s1_raw,Y_s1_cal,Y_s1_err_cal,O_s1_raw,O_s1_cal,O_s1_err_cal
260,1238,1238,-2,-5.441515922546387,-6.936364120385161,1.494848197838774,-6.421650409698486,-6.446470707654953,-1.0049547851085663,-5.826278394600859,-5.820742987217838,-0.3792270646714515,-6.2388505935668945,-6.259648442268372,-0.8181325197219849,-5.761706537148466,-5.773741520829955,-0.3322255982835687
435,2052,2052,-2,-7.930362701416016,-6.936364120385161,-0.9939985810308549,-2.2438173294067383,-2.268637627363205,5.661725074052811,-7.77118051662158,-7.76564510923856,0.16471759217745596,-1.865560531616211,-1.886358380317688,6.044004321098328,-7.516336506745329,-7.528371490426818,0.40199121098919743
464,2210,2210,-12,-42.036563873291016,-41.62049828279109,-0.416065590499926,-22.79938316345215,-22.824203461408615,19.2123604118824,-40.918316705108595,-40.91278129772557,1.1237825755654427,-35.93670654296875,-35.95750439167023,6.079059481620789,-41.115712268234205,-41.12774725191569,0.9088166213753226
874,4344,4343,-2,-7.1817402839660645,-6.936364120385161,-0.24537616358090375,-6.840329647064209,-6.865149945020676,0.3165903389453888,-7.055925800046435,-7.050390392663414,0.1313498913026505,-6.862377643585205,-6.883175492286682,0.2985647916793823,-7.210001832386961,-7.22203681606845,-0.04029653210238582
898,4485,4484,-2,-5.580592155456543,-6.936364120385161,1.3557719649286177,-5.825248718261719,-5.850069016218185,-0.26947686076164246,-5.591889327904692,-5.586353920521671,-0.005761765065128266,-5.458183288574219,-5.478981137275696,0.10161101818084717,-5.471792525193205,-5.483827508874694,0.0967646465818488
1004,5050,5048,-5,-15.327075004577637,-17.34160436910694,2.0145293645293023,-2.148362636566162,-2.173182934522629,13.153892070055008,-14.839884894314459,-14.834349486931437,0.49272551764619976,-1.305920124053955,-1.3267179727554321,14.000357031822205,-14.626255886974981,-14.63829087065647,0.6887841339211676
1009,5093,5091,-2,-7.994800567626953,-6.936364120385161,-1.0584364472417924,-8.364288330078125,-8.389108628034592,-0.39430806040763855,-7.899254506966582,-7.893719099583561,0.10108146804339224,-8.067715644836426,-8.088513493537903,-0.09371292591094971,-8.229978627106657,-8.242013610788145,-0.2472130431611923
1499,7507,7504,-2,-9.046394348144531,-6.936364120385161,-2.1100302277593705,-4.235872745513916,-4.260693043470383,4.785701304674149,-8.994530385872832,-8.98899497848981,0.057399369654721255,-4.82750940322876,-4.848307251930237,4.198087096214294,-8.832876986405363,-8.844911970086851,0.20148237805767977
1535,7659,7656,-2,-5.101813316345215,-6.936364120385161,1.8345508040399459,-5.091954231262207,-5.116774529218674,-0.014961212873458862,-5.091237491509428,-5.085702084126408,0.01611123221880728,-4.600533962249756,-4.621331810951233,0.48048150539398193,-5.0426186980218795,-5.0546536817033685,0.04715963464184636
