arm,group,n,raw_mae,cal_mae,contribution_cal
B,k=0,1926,0.097337,0.097347,0.093746
B,k=-1,65,0.171921,0.171901,0.005587
B,k=-2,7,1.271809,1.271495,0.004450
B,k<=-3,2,16.347991,16.347551,0.016348
R_CS,k=0,1926,0.094743,0.094717,0.091213
R_CS,k=-1,65,0.170004,0.169975,0.005524
R_CS,k=-2,7,1.364980,1.365425,0.004779
R_CS,k<=-3,2,16.341212,16.341834,0.016342
R_SM,k=0,1926,0.094595,0.094604,0.091103
R_SM,k=-1,65,0.168965,0.168960,0.005491
R_SM,k=-2,7,1.289378,1.289161,0.004512
R_SM,k<=-3,2,16.368962,16.368658,0.016369
R_SJ,k=0,1926,0.094279,0.094289,0.090800
R_SJ,k=-1,65,0.165989,0.166048,0.005397
R_SJ,k=-2,7,1.270567,1.269646,0.004444
R_SJ,k<=-3,2,16.471135,16.469846,0.016470
R_DM,k=0,1926,0.092734,0.092664,0.089236
R_DM,k=-1,65,0.167227,0.167168,0.005433
R_DM,k=-2,7,1.320655,1.321580,0.004626
R_DM,k<=-3,2,16.440078,16.441373,0.016441
R_DJ,k=0,1926,0.094621,0.094578,0.091078
R_DJ,k=-1,65,0.171595,0.171499,0.005574
R_DJ,k=-2,7,1.275832,1.276726,0.004469
R_DJ,k<=-3,2,16.439253,16.440504,0.016441
