contrast,endpoint,point,ci_lo,ci_hi
gain_R_CS_vs_B_cal,,0.002273,0.000658,0.003628
gain_R_CS_vs_B_raw,,0.002241,0.000610,0.003585
gain_R_SM_vs_B_cal,,0.002655,0.000965,0.004247
gain_R_SM_vs_B_raw,,0.002654,0.000965,0.004243
gain_R_SJ_vs_B_cal,,0.003020,0.001454,0.004621
gain_R_SJ_vs_B_raw,,0.003019,0.001453,0.004639
gain_R_DM_vs_B_cal,,0.004395,0.002915,0.005798
gain_R_DM_vs_B_raw,,0.004322,0.002841,0.005746
gain_R_DJ_vs_B_cal,,0.002569,0.000985,0.004023
gain_R_DJ_vs_B_raw,,0.002521,0.000911,0.004014
gain_R_SM_vs_R_CS_cal,,0.000382,-0.000898,0.001823
gain_R_SM_vs_R_CS_raw,,0.000413,-0.000852,0.001875
gain_R_SJ_vs_R_CS_cal,,0.000747,-0.000690,0.002296
gain_R_SJ_vs_R_CS_raw,,0.000779,-0.000651,0.002310
gain_R_DM_vs_R_CS_cal,,0.002122,0.000922,0.003499
gain_R_DM_vs_R_CS_raw,,0.002081,0.000883,0.003457
gain_R_DJ_vs_R_CS_cal,,0.000297,-0.001090,0.001637
gain_R_DJ_vs_R_CS_raw,,0.000280,-0.001111,0.001623
gain_R_SJ_vs_R_SM_cal,,0.000365,-0.001026,0.001740
gain_R_SJ_vs_R_SM_raw,,0.000365,-0.001036,0.001745
gain_R_DJ_vs_R_DM_cal,,-0.001825,-0.003025,-0.000632
gain_R_DJ_vs_R_DM_raw,,-0.001801,-0.003009,-0.000610
gain_R_SM_vs_R_DM_cal,,-0.001740,-0.003070,-0.000506
gain_R_SM_vs_R_DM_raw,,-0.001668,-0.002994,-0.000452
gain_R_SJ_vs_R_DJ_cal,,0.000451,-0.000833,0.001784
gain_R_SJ_vs_R_DJ_raw,,0.000498,-0.000794,0.001866
gain_R_CS_vs_B_g0_cal,,0.002630,0.001281,0.003969
gain_R_SM_vs_B_g0_cal,,0.002744,0.001139,0.004272
gain_R_SJ_vs_B_g0_cal,,0.003059,0.001421,0.004557
gain_R_DM_vs_B_g0_cal,,0.004683,0.003269,0.005923
gain_R_DJ_vs_B_g0_cal,,0.002770,0.001241,0.004057
gain_R_SM_vs_R_CS_g0_cal,,0.000113,-0.001173,0.001401
gain_R_SJ_vs_R_CS_g0_cal,,0.000428,-0.000979,0.001773
gain_R_DM_vs_R_CS_g0_cal,,0.002053,0.000842,0.003226
gain_R_DJ_vs_R_CS_g0_cal,,0.000140,-0.001117,0.001225
gain_R_SJ_vs_R_SM_g0_cal,,0.000315,-0.001111,0.001727
gain_R_DJ_vs_R_DM_g0_cal,,-0.001913,-0.003054,-0.000644
gain_R_SM_vs_R_DM_g0_cal,,-0.001939,-0.003189,-0.000783
gain_R_SJ_vs_R_DJ_g0_cal,,0.000289,-0.001014,0.001608
interaction_coding_x_joint_cal,,0.002190,,
