part,arm,group,n,mae,contribution
fit,B,k=0,7713,0.02901863211634395,0.02797758868917011
fit,B,k=-1,252,0.03649214068549227,0.0011495024315930067
fit,B,k=-2,30,0.03525716841552,0.0001322143815582
fit,B,k<=-3,5,0.03271552309724972,2.0447201935781077e-05
fit,B,k<=-2,35,0.03489407622719568,0.00015266158349398109
fit,J,k=0,7713,0.027905645692811176,0.026904530653581574
fit,J,k=-1,252,0.03426260606072041,0.001079272090912693
fit,J,k=-2,30,0.042350766470035134,0.00015881537426263177
fit,J,k<=-3,5,0.020151088264254133,1.2594430165158832e-05
fit,J,k<=-2,35,0.03917938386920927,0.00017140980442779057
fit,I,k=0,7713,0.03074707534590518,0.029644024017870835
fit,I,k=-1,252,0.04059437265747759,0.001278722738710544
fit,I,k=-2,30,0.05056454553537888,0.0001896170457576708
fit,I,k<=-3,5,0.08778041628003048,5.486276017501905e-05
fit,I,k<=-2,35,0.05588109849890054,0.00024447980593268986
dev,B,k=0,1915,0.10187497662134429,0.09754529011493716
dev,B,k=-1,73,0.1263883160560461,0.0046131735360456835
dev,B,k=-2,10,0.1828417181968689,0.0009142085909843445
dev,B,k<=-3,2,0.6446639212965959,0.0006446639212965958
dev,B,k<=-2,12,0.2598120853801567,0.0015588725122809403
dev,J,k=0,1915,0.10041624239973052,0.09614855209774197
dev,J,k=-1,73,0.1226607082795516,0.0044771158522036334
dev,J,k=-2,10,0.18766240187486022,0.0009383120093743011
dev,J,k<=-3,2,0.343132502138614,0.000343132502138614
dev,J,k<=-2,12,0.21357408525215252,0.0012814445115129152
dev,I,k=0,1915,0.10399154318024237,0.09957190259508207
dev,I,k=-1,73,0.10818249258979638,0.003948660979527568
dev,I,k=-2,10,0.17589947120017485,0.0008794973560008743
dev,I,k<=-3,2,0.28185442826814033,0.00028185442826814035
dev,I,k<=-2,12,0.19355863071150245,0.0011613517842690147
