group,n,arm,cal_mae,raw_mae,cal_residual_y_minus_pred,cal_contribution,raw_contribution
k=0,1926,S_J,0.10232897449512908,0.10287653458850997,-3.2805949814621504e-06,0.09854280243880931,0.0990701028087351
k=0,1926,S_M,0.0973474830963544,0.09733705147888694,-0.005611193159478838,0.09374562622178928,0.09373558057416813
k=0,1926,D_J,0.10011533885462977,0.10343290935992795,-0.0018004994861612836,0.09641107131700846,0.09960589171361062
k=0,1926,D_M,0.09794107247047877,0.10175672897834864,-0.0033288179623987718,0.09431725278907106,0.09799173000614973
k=-1,65,S_J,0.17008827374531674,0.1698560558832609,0.021827485928168664,0.005527868896722793,0.005520321816205979
k=-1,65,S_M,0.17190109399648812,0.17192139625549316,-0.015195897909311147,0.005586785554885864,0.005587445378303528
k=-1,65,D_J,0.16920046439537637,0.16473843867962176,0.0500553534581111,0.005499015092849732,0.005353999257087708
k=-1,65,D_M,0.13047725420731765,0.13099890122046837,0.004147685491121733,0.004240510761737823,0.004257464289665222
k<=-2,9,S_J,4.117891364627415,4.125001324547662,-3.9859843254089355,0.018530511140823363,0.01856250596046448
k<=-2,9,S_M,4.62172958585951,4.622071716520521,-4.534793217976888,0.0207977831363678,0.020799322724342345
k<=-2,9,D_J,3.862911687956916,3.8841794199413724,-3.606165395842658,0.01738310259580612,0.017478807389736176
k<=-2,9,D_M,4.234991590181987,4.244356234868367,-4.046828283203973,0.01905746215581894,0.019099603056907655
