valid_index,molecule_id,valid_penalty,key_space,n_exact_members,status,class_penalty_counts,class_n_penalty_0,class_n_penalty_-1,class_n_penalty_le_-2,class_conditional_median,valid_matches_median,class_penalty_mixed
50,valid:0050,-1,raw,38,MATCHED,"{""-1"": 38}",0,38,0,-1.0,True,False
50,valid:0050,-1,normalized,38,MATCHED,"{""-1"": 38}",0,38,0,-1.0,True,False
64,valid:0064,-1,raw,5,MATCHED,"{""-1"": 5}",0,5,0,-1.0,True,False
64,valid:0064,-1,normalized,5,MATCHED,"{""-1"": 5}",0,5,0,-1.0,True,False
76,valid:0076,-1,raw,34,MATCHED,"{""-1"": 34}",0,34,0,-1.0,True,False
76,valid:0076,-1,normalized,34,MATCHED,"{""-1"": 34}",0,34,0,-1.0,True,False
91,valid:0091,-1,raw,5,MATCHED,"{""-1"": 5}",0,5,0,-1.0,True,False
91,valid:0091,-1,normalized,5,MATCHED,"{""-1"": 5}",0,5,0,-1.0,True,False
142,valid:0142,-1,raw,4,MATCHED,"{""-1"": 4}",0,4,0,-1.0,True,False
142,valid:0142,-1,normalized,4,MATCHED,"{""-1"": 4}",0,4,0,-1.0,True,False
172,valid:0172,-6,raw,1,MATCHED,"{""-6"": 1}",0,0,1,-6.0,True,False
172,valid:0172,-6,normalized,1,MATCHED,"{""-6"": 1}",0,0,1,-6.0,True,False
180,valid:0180,-1,raw,34,MATCHED,"{""-1"": 34}",0,34,0,-1.0,True,False
180,valid:0180,-1,normalized,34,MATCHED,"{""-1"": 34}",0,34,0,-1.0,True,False
200,valid:0200,-1,raw,38,MATCHED,"{""-1"": 38}",0,38,0,-1.0,True,False
200,valid:0200,-1,normalized,38,MATCHED,"{""-1"": 38}",0,38,0,-1.0,True,False
214,valid:0214,-2,raw,0,NO_EXACT_MATCH,{},0,0,0,,False,False
214,valid:0214,-2,normalized,0,NO_EXACT_MATCH,{},0,0,0,,False,False
224,valid:0224,-1,raw,3,MATCHED,"{""-1"": 3}",0,3,0,-1.0,True,False
224,valid:0224,-1,normalized,3,MATCHED,"{""-1"": 3}",0,3,0,-1.0,True,False
229,valid:0229,-1,raw,0,NO_EXACT_MATCH,{},0,0,0,,False,False
229,valid:0229,-1,normalized,0,NO_EXACT_MATCH,{},0,0,0,,False,False
230,valid:0230,-1,raw,3,MATCHED,"{""-1"": 3}",0,3,0,-1.0,True,False
230,valid:0230,-1,normalized,3,MATCHED,"{""-1"": 3}",0,3,0,-1.0,True,False
239,valid:0239,-1,raw,4,MATCHED,"{""-1"": 4}",0,4,0,-1.0,True,False
239,valid:0239,-1,normalized,4,MATCHED,"{""-1"": 4}",0,4,0,-1.0,True,False
249,valid:0249,-2,raw,0,NO_EXACT_MATCH,{},0,0,0,,False,False
249,valid:0249,-2,normalized,0,NO_EXACT_MATCH,{},0,0,0,,False,False
267,valid:0267,-1,raw,3,MATCHED,"{""-1"": 3}",0,3,0,-1.0,True,False
267,valid:0267,-1,normalized,3,MATCHED,"{""-1"": 3}",0,3,0,-1.0,True,False
306,valid:0306,-1,raw,2,MATCHED,"{""-1"": 2}",0,2,0,-1.0,True,False
306,valid:0306,-1,normalized,2,MATCHED,"{""-1"": 2}",0,2,0,-1.0,True,False
393,valid:0393,-1,raw,1,MATCHED,"{""-1"": 1}",0,1,0,-1.0,True,False
393,valid:0393,-1,normalized,1,MATCHED,"{""-1"": 1}",0,1,0,-1.0,True,False
403,valid:0403,-1,raw,0,NO_EXACT_MATCH,{},0,0,0,,False,False
403,valid:0403,-1,normalized,0,NO_EXACT_MATCH,{},0,0,0,,False,False
461,valid:0461,-1,raw,7,MATCHED,"{""-1"": 7}",0,7,0,-1.0,True,False
461,valid:0461,-1,normalized,7,MATCHED,"{""-1"": 7}",0,7,0,-1.0,True,False
478,valid:0478,-1,raw,0,NO_EXACT_MATCH,{},0,0,0,,False,False
478,valid:0478,-1,normalized,0,NO_EXACT_MATCH,{},0,0,0,,False,False
485,valid:0485,-1,raw,8,MATCHED,"{""-1"": 8}",0,8,0,-1.0,True,False
485,valid:0485,-1,normalized,8,MATCHED,"{""-1"": 8}",0,8,0,-1.0,True,False
509,valid:0509,-1,raw,4,MATCHED,"{""-1"": 4}",0,4,0,-1.0,True,False
509,valid:0509,-1,normalized,4,MATCHED,"{""-1"": 4}",0,4,0,-1.0,True,False
528,valid:0528,-1,raw,1,MATCHED,"{""-1"": 1}",0,1,0,-1.0,True,False
528,valid:0528,-1,normalized,1,MATCHED,"{""-1"": 1}",0,1,0,-1.0,True,False
567,valid:0567,-1,raw,34,MATCHED,"{""-1"": 34}",0,34,0,-1.0,True,False
567,valid:0567,-1,normalized,34,MATCHED,"{""-1"": 34}",0,34,0,-1.0,True,False
633,valid:0633,-1,raw,5,MATCHED,"{""-1"": 5}",0,5,0,-1.0,True,False
633,valid:0633,-1,normalized,5,MATCHED,"{""-1"": 5}",0,5,0,-1.0,True,False
693,valid:0693,-1,raw,34,MATCHED,"{""-1"": 34}",0,34,0,-1.0,True,False
693,valid:0693,-1,normalized,34,MATCHED,"{""-1"": 34}",0,34,0,-1.0,True,False
742,valid:0742,-1,raw,3,MATCHED,"{""-1"": 3}",0,3,0,-1.0,True,False
742,valid:0742,-1,normalized,3,MATCHED,"{""-1"": 3}",0,3,0,-1.0,True,False
753,valid:0753,-2,raw,6,MATCHED,"{""-2"": 6}",0,0,6,-2.0,True,False
753,valid:0753,-2,normalized,6,MATCHED,"{""-2"": 6}",0,0,6,-2.0,True,False
776,valid:0776,-1,raw,5,MATCHED,"{""-1"": 5}",0,5,0,-1.0,True,False
776,valid:0776,-1,normalized,5,MATCHED,"{""-1"": 5}",0,5,0,-1.0,True,False
804,valid:0804,-1,raw,0,NO_EXACT_MATCH,{},0,0,0,,False,False
804,valid:0804,-1,normalized,0,NO_EXACT_MATCH,{},0,0,0,,False,False
814,valid:0814,-1,raw,21,MATCHED,"{""-1"": 21}",0,21,0,-1.0,True,False
814,valid:0814,-1,normalized,21,MATCHED,"{""-1"": 21}",0,21,0,-1.0,True,False
820,valid:0820,-1,raw,6,MATCHED,"{""-1"": 6}",0,6,0,-1.0,True,False
820,valid:0820,-1,normalized,6,MATCHED,"{""-1"": 6}",0,6,0,-1.0,True,False
907,valid:0907,-1,raw,8,MATCHED,"{""-1"": 8}",0,8,0,-1.0,True,False
907,valid:0907,-1,normalized,8,MATCHED,"{""-1"": 8}",0,8,0,-1.0,True,False
926,valid:0926,-1,raw,34,MATCHED,"{""-1"": 34}",0,34,0,-1.0,True,False
926,valid:0926,-1,normalized,34,MATCHED,"{""-1"": 34}",0,34,0,-1.0,True,False
935,valid:0935,-2,raw,0,NO_EXACT_MATCH,{},0,0,0,,False,False
935,valid:0935,-2,normalized,0,NO_EXACT_MATCH,{},0,0,0,,False,False
