valid_index,molecule_id,valid_penalty,key_space,train_index,train_molecule_id,train_penalty,train_y_without_cycle,valid_y_without_cycle,same_penalty_as_valid
50,valid:0050,-1,raw,763,train:0763,-1,-2.950101492358117,0.8915079856387083,True
50,valid:0050,-1,raw,941,train:0941,-1,-0.3183053707608279,0.8915079856387083,True
50,valid:0050,-1,raw,942,train:0942,-1,-0.273131248904138,0.8915079856387083,True
50,valid:0050,-1,raw,1584,train:1584,-1,-1.4030834412106563,0.8915079856387083,True
50,valid:0050,-1,raw,1641,train:1641,-1,-4.18028557057467,0.8915079856387083,True
50,valid:0050,-1,raw,1822,train:1822,-1,-2.809285757494836,0.8915079856387083,True
50,valid:0050,-1,raw,2016,train:2016,-1,0.6777879024020144,0.8915079856387083,True
50,valid:0050,-1,raw,2044,train:2044,-1,0.6363552833071657,0.8915079856387083,True
50,valid:0050,-1,raw,2228,train:2228,-1,0.0731138015261598,0.8915079856387083,True
50,valid:0050,-1,raw,2264,train:2264,-1,-0.3380440449246458,0.8915079856387083,True
50,valid:0050,-1,raw,2883,train:2883,-1,1.6089367890826172,0.8915079856387083,True
50,valid:0050,-1,raw,3151,train:3151,-1,0.9307440543642952,0.8915079856387083,True
50,valid:0050,-1,raw,3157,train:3157,-1,-2.579114553881555,0.8915079856387083,True
50,valid:0050,-1,raw,3628,train:3628,-1,-1.206635591936975,0.8915079856387083,True
50,valid:0050,-1,raw,4361,train:4361,-1,-0.5789457535275511,0.8915079856387083,True
50,valid:0050,-1,raw,4566,train:4566,-1,-3.961659548235803,0.8915079856387083,True
50,valid:0050,-1,raw,4580,train:4580,-1,-2.845331308794885,0.8915079856387083,True
50,valid:0050,-1,raw,5118,train:5118,-1,2.331527831601233,0.8915079856387083,True
50,valid:0050,-1,raw,5141,train:5141,-1,1.321076514767737,0.8915079856387083,True
50,valid:0050,-1,raw,5402,train:5402,-1,-1.7824646210202268,0.8915079856387083,True
50,valid:0050,-1,raw,5556,train:5556,-1,-1.5500484680661253,0.8915079856387083,True
50,valid:0050,-1,raw,5585,train:5585,-1,-2.7785111641415647,0.8915079856387083,True
50,valid:0050,-1,raw,5614,train:5614,-1,-4.387801287127404,0.8915079856387083,True
50,valid:0050,-1,raw,5844,train:5844,-1,1.6175551438799805,0.8915079856387083,True
50,valid:0050,-1,raw,5929,train:5929,-1,-1.6520220016964964,0.8915079856387083,True
50,valid:0050,-1,raw,7011,train:7011,-1,-1.0628052925595337,0.8915079856387083,True
50,valid:0050,-1,raw,7102,train:7102,-1,1.5164185786715456,0.8915079856387083,True
50,valid:0050,-1,raw,7284,train:7284,-1,1.017549397992224,0.8915079856387083,True
50,valid:0050,-1,raw,7476,train:7476,-1,-1.3240433907040647,0.8915079856387083,True
50,valid:0050,-1,raw,7858,train:7858,-1,1.069452168988318,0.8915079856387083,True
50,valid:0050,-1,raw,8050,train:8050,-1,-2.214718458605676,0.8915079856387083,True
50,valid:0050,-1,raw,8206,train:8206,-1,1.2842961574068972,0.8915079856387083,True
50,valid:0050,-1,raw,8860,train:8860,-1,0.7256747508517214,0.8915079856387083,True
50,valid:0050,-1,raw,9041,train:9041,-1,1.560393931912512,0.8915079856387083,True
50,valid:0050,-1,raw,9190,train:9190,-1,-1.0826011871823362,0.8915079856387083,True
50,valid:0050,-1,raw,9275,train:9275,-1,0.5839518332949587,0.8915079856387083,True
50,valid:0050,-1,raw,9403,train:9403,-1,0.7208620334139773,0.8915079856387083,True
50,valid:0050,-1,raw,9824,train:9824,-1,1.1116379523745483,0.8915079856387083,True
50,valid:0050,-1,normalized,763,train:0763,-1,-2.950101492358117,0.8915079856387083,True
50,valid:0050,-1,normalized,941,train:0941,-1,-0.3183053707608279,0.8915079856387083,True
50,valid:0050,-1,normalized,942,train:0942,-1,-0.273131248904138,0.8915079856387083,True
50,valid:0050,-1,normalized,1584,train:1584,-1,-1.4030834412106563,0.8915079856387083,True
50,valid:0050,-1,normalized,1641,train:1641,-1,-4.18028557057467,0.8915079856387083,True
50,valid:0050,-1,normalized,1822,train:1822,-1,-2.809285757494836,0.8915079856387083,True
50,valid:0050,-1,normalized,2016,train:2016,-1,0.6777879024020144,0.8915079856387083,True
50,valid:0050,-1,normalized,2044,train:2044,-1,0.6363552833071657,0.8915079856387083,True
50,valid:0050,-1,normalized,2228,train:2228,-1,0.0731138015261598,0.8915079856387083,True
50,valid:0050,-1,normalized,2264,train:2264,-1,-0.3380440449246458,0.8915079856387083,True
50,valid:0050,-1,normalized,2883,train:2883,-1,1.6089367890826172,0.8915079856387083,True
50,valid:0050,-1,normalized,3151,train:3151,-1,0.9307440543642952,0.8915079856387083,True
50,valid:0050,-1,normalized,3157,train:3157,-1,-2.579114553881555,0.8915079856387083,True
50,valid:0050,-1,normalized,3628,train:3628,-1,-1.206635591936975,0.8915079856387083,True
50,valid:0050,-1,normalized,4361,train:4361,-1,-0.5789457535275511,0.8915079856387083,True
50,valid:0050,-1,normalized,4566,train:4566,-1,-3.961659548235803,0.8915079856387083,True
50,valid:0050,-1,normalized,4580,train:4580,-1,-2.845331308794885,0.8915079856387083,True
50,valid:0050,-1,normalized,5118,train:5118,-1,2.331527831601233,0.8915079856387083,True
50,valid:0050,-1,normalized,5141,train:5141,-1,1.321076514767737,0.8915079856387083,True
50,valid:0050,-1,normalized,5402,train:5402,-1,-1.7824646210202268,0.8915079856387083,True
50,valid:0050,-1,normalized,5556,train:5556,-1,-1.5500484680661253,0.8915079856387083,True
50,valid:0050,-1,normalized,5585,train:5585,-1,-2.7785111641415647,0.8915079856387083,True
50,valid:0050,-1,normalized,5614,train:5614,-1,-4.387801287127404,0.8915079856387083,True
50,valid:0050,-1,normalized,5844,train:5844,-1,1.6175551438799805,0.8915079856387083,True
50,valid:0050,-1,normalized,5929,train:5929,-1,-1.6520220016964964,0.8915079856387083,True
50,valid:0050,-1,normalized,7011,train:7011,-1,-1.0628052925595337,0.8915079856387083,True
50,valid:0050,-1,normalized,7102,train:7102,-1,1.5164185786715456,0.8915079856387083,True
50,valid:0050,-1,normalized,7284,train:7284,-1,1.017549397992224,0.8915079856387083,True
50,valid:0050,-1,normalized,7476,train:7476,-1,-1.3240433907040647,0.8915079856387083,True
50,valid:0050,-1,normalized,7858,train:7858,-1,1.069452168988318,0.8915079856387083,True
50,valid:0050,-1,normalized,8050,train:8050,-1,-2.214718458605676,0.8915079856387083,True
50,valid:0050,-1,normalized,8206,train:8206,-1,1.2842961574068972,0.8915079856387083,True
50,valid:0050,-1,normalized,8860,train:8860,-1,0.7256747508517214,0.8915079856387083,True
50,valid:0050,-1,normalized,9041,train:9041,-1,1.560393931912512,0.8915079856387083,True
50,valid:0050,-1,normalized,9190,train:9190,-1,-1.0826011871823362,0.8915079856387083,True
50,valid:0050,-1,normalized,9275,train:9275,-1,0.5839518332949587,0.8915079856387083,True
50,valid:0050,-1,normalized,9403,train:9403,-1,0.7208620334139773,0.8915079856387083,True
50,valid:0050,-1,normalized,9824,train:9824,-1,1.1116379523745483,0.8915079856387083,True
64,valid:0064,-1,raw,394,train:0394,-1,-0.307839271975427,1.1880005622378298,True
64,valid:0064,-1,raw,1171,train:1171,-1,2.332662465619177,1.1880005622378298,True
64,valid:0064,-1,raw,7701,train:7701,-1,0.2465063357821413,1.1880005622378298,True
64,valid:0064,-1,raw,8817,train:8817,-1,-0.8925510620602659,1.1880005622378298,True
64,valid:0064,-1,raw,9397,train:9397,-1,1.1099923873415896,1.1880005622378298,True
64,valid:0064,-1,normalized,394,train:0394,-1,-0.307839271975427,1.1880005622378298,True
64,valid:0064,-1,normalized,1171,train:1171,-1,2.332662465619177,1.1880005622378298,True
64,valid:0064,-1,normalized,7701,train:7701,-1,0.2465063357821413,1.1880005622378298,True
64,valid:0064,-1,normalized,8817,train:8817,-1,-0.8925510620602659,1.1880005622378298,True
64,valid:0064,-1,normalized,9397,train:9397,-1,1.1099923873415896,1.1880005622378298,True
76,valid:0076,-1,raw,331,train:0331,-1,-1.6064978813656858,1.6381895566454836,True
76,valid:0076,-1,raw,389,train:0389,-1,2.1217055345049807,1.6381895566454836,True
76,valid:0076,-1,raw,476,train:0476,-1,1.6329959655276245,1.6381895566454836,True
76,valid:0076,-1,raw,944,train:0944,-1,-1.7764464592465452,1.6381895566454836,True
76,valid:0076,-1,raw,1259,train:1259,-1,1.4547861838808962,1.6381895566454836,True
76,valid:0076,-1,raw,1879,train:1879,-1,0.0946275020113893,1.6381895566454836,True
76,valid:0076,-1,raw,2887,train:2887,-1,0.6948517585268923,1.6381895566454836,True
76,valid:0076,-1,raw,3065,train:3065,-1,-0.852979299975305,1.6381895566454836,True
76,valid:0076,-1,raw,3108,train:3108,-1,0.6163357520571657,1.6381895566454836,True
76,valid:0076,-1,raw,3379,train:3379,-1,1.1631945395937873,1.6381895566454836,True
76,valid:0076,-1,raw,3887,train:3887,-1,0.6505411887637083,1.6381895566454836,True
76,valid:0076,-1,raw,4245,train:4245,-1,2.0361021781435915,1.6381895566454836,True
76,valid:0076,-1,raw,4350,train:4350,-1,0.1609526896944952,1.6381895566454836,True
76,valid:0076,-1,raw,4596,train:4596,-1,-1.8152681564816529,1.6381895566454836,True
76,valid:0076,-1,raw,5444,train:5444,-1,2.1106805825701658,1.6381895566454836,True
76,valid:0076,-1,raw,5489,train:5489,-1,-0.7885776733883909,1.6381895566454836,True
76,valid:0076,-1,raw,5562,train:5562,-1,-1.2368422722348265,1.6381895566454836,True
76,valid:0076,-1,raw,5725,train:5725,-1,-1.3332778191098265,1.6381895566454836,True
76,valid:0076,-1,raw,5829,train:5829,-1,0.6216009879580446,1.6381895566454836,True
76,valid:0076,-1,raw,5952,train:5952,-1,1.427246930646033,1.6381895566454836,True
76,valid:0076,-1,raw,6071,train:6071,-1,-5.361970064593224,1.6381895566454836,True
76,valid:0076,-1,raw,6663,train:6663,-1,1.211114766644568,1.6381895566454836,True
76,valid:0076,-1,raw,7543,train:7543,-1,1.6004709029665898,1.6381895566454836,True
76,valid:0076,-1,raw,8160,train:8160,-1,-3.063264486742883,1.6381895566454836,True
76,valid:0076,-1,raw,8222,train:8222,-1,2.189682366894812,1.6381895566454836,True
76,valid:0076,-1,raw,8259,train:8259,-1,1.0076366687289189,1.6381895566454836,True
76,valid:0076,-1,raw,8278,train:8278,-1,-0.0385550236233762,1.6381895566454836,True
76,valid:0076,-1,raw,8760,train:8760,-1,0.163823010968299,1.6381895566454836,True
76,valid:0076,-1,raw,9155,train:9155,-1,0.9776955867281862,1.6381895566454836,True
76,valid:0076,-1,raw,9274,train:9274,-1,0.9390183711520144,1.6381895566454836,True
76,valid:0076,-1,raw,9391,train:9391,-1,-2.2686444496640257,1.6381895566454836,True
76,valid:0076,-1,raw,9423,train:9423,-1,1.538799526738257,1.6381895566454836,True
76,valid:0076,-1,raw,9810,train:9810,-1,1.07260692362699,1.6381895566454836,True
76,valid:0076,-1,raw,9908,train:9908,-1,1.763051989125342,1.6381895566454836,True
76,valid:0076,-1,normalized,331,train:0331,-1,-1.6064978813656858,1.6381895566454836,True
76,valid:0076,-1,normalized,389,train:0389,-1,2.1217055345049807,1.6381895566454836,True
76,valid:0076,-1,normalized,476,train:0476,-1,1.6329959655276245,1.6381895566454836,True
76,valid:0076,-1,normalized,944,train:0944,-1,-1.7764464592465452,1.6381895566454836,True
76,valid:0076,-1,normalized,1259,train:1259,-1,1.4547861838808962,1.6381895566454836,True
76,valid:0076,-1,normalized,1879,train:1879,-1,0.0946275020113893,1.6381895566454836,True
76,valid:0076,-1,normalized,2887,train:2887,-1,0.6948517585268923,1.6381895566454836,True
76,valid:0076,-1,normalized,3065,train:3065,-1,-0.852979299975305,1.6381895566454836,True
76,valid:0076,-1,normalized,3108,train:3108,-1,0.6163357520571657,1.6381895566454836,True
76,valid:0076,-1,normalized,3379,train:3379,-1,1.1631945395937873,1.6381895566454836,True
76,valid:0076,-1,normalized,3887,train:3887,-1,0.6505411887637083,1.6381895566454836,True
76,valid:0076,-1,normalized,4245,train:4245,-1,2.0361021781435915,1.6381895566454836,True
76,valid:0076,-1,normalized,4350,train:4350,-1,0.1609526896944952,1.6381895566454836,True
76,valid:0076,-1,normalized,4596,train:4596,-1,-1.8152681564816529,1.6381895566454836,True
76,valid:0076,-1,normalized,5444,train:5444,-1,2.1106805825701658,1.6381895566454836,True
76,valid:0076,-1,normalized,5489,train:5489,-1,-0.7885776733883909,1.6381895566454836,True
76,valid:0076,-1,normalized,5562,train:5562,-1,-1.2368422722348265,1.6381895566454836,True
76,valid:0076,-1,normalized,5725,train:5725,-1,-1.3332778191098265,1.6381895566454836,True
76,valid:0076,-1,normalized,5829,train:5829,-1,0.6216009879580446,1.6381895566454836,True
76,valid:0076,-1,normalized,5952,train:5952,-1,1.427246930646033,1.6381895566454836,True
76,valid:0076,-1,normalized,6071,train:6071,-1,-5.361970064593224,1.6381895566454836,True
76,valid:0076,-1,normalized,6663,train:6663,-1,1.211114766644568,1.6381895566454836,True
76,valid:0076,-1,normalized,7543,train:7543,-1,1.6004709029665898,1.6381895566454836,True
76,valid:0076,-1,normalized,8160,train:8160,-1,-3.063264486742883,1.6381895566454836,True
76,valid:0076,-1,normalized,8222,train:8222,-1,2.189682366894812,1.6381895566454836,True
76,valid:0076,-1,normalized,8259,train:8259,-1,1.0076366687289189,1.6381895566454836,True
76,valid:0076,-1,normalized,8278,train:8278,-1,-0.0385550236233762,1.6381895566454836,True
76,valid:0076,-1,normalized,8760,train:8760,-1,0.163823010968299,1.6381895566454836,True
76,valid:0076,-1,normalized,9155,train:9155,-1,0.9776955867281862,1.6381895566454836,True
76,valid:0076,-1,normalized,9274,train:9274,-1,0.9390183711520144,1.6381895566454836,True
76,valid:0076,-1,normalized,9391,train:9391,-1,-2.2686444496640257,1.6381895566454836,True
76,valid:0076,-1,normalized,9423,train:9423,-1,1.538799526738257,1.6381895566454836,True
76,valid:0076,-1,normalized,9810,train:9810,-1,1.07260692362699,1.6381895566454836,True
76,valid:0076,-1,normalized,9908,train:9908,-1,1.763051989125342,1.6381895566454836,True
91,valid:0091,-1,raw,314,train:0314,-1,-0.8675757622250608,0.692641141461463,True
91,valid:0091,-1,raw,5071,train:5071,-1,-3.333956358385949,0.692641141461463,True
91,valid:0091,-1,raw,6265,train:6265,-1,-1.265476343584924,0.692641141461463,True
91,valid:0091,-1,raw,6397,train:6397,-1,-0.9315100883969358,0.692641141461463,True
91,valid:0091,-1,raw,9290,train:9290,-1,-0.8769189095028929,0.692641141461463,True
91,valid:0091,-1,normalized,314,train:0314,-1,-0.8675757622250608,0.692641141461463,True
91,valid:0091,-1,normalized,5071,train:5071,-1,-3.333956358385949,0.692641141461463,True
91,valid:0091,-1,normalized,6265,train:6265,-1,-1.265476343584924,0.692641141461463,True
91,valid:0091,-1,normalized,6397,train:6397,-1,-0.9315100883969358,0.692641141461463,True
91,valid:0091,-1,normalized,9290,train:9290,-1,-0.8769189095028929,0.692641141461463,True
142,valid:0142,-1,raw,456,train:0456,-1,0.4268590236178347,1.7523252988329836,True
142,valid:0142,-1,raw,1909,train:1909,-1,-1.920396444750696,1.7523252988329836,True
142,valid:0142,-1,raw,7639,train:7639,-1,0.2682620311251589,1.7523252988329836,True
142,valid:0142,-1,raw,9045,train:9045,-1,-0.1825369572171262,1.7523252988329836,True
142,valid:0142,-1,normalized,456,train:0456,-1,0.4268590236178347,1.7523252988329836,True
142,valid:0142,-1,normalized,1909,train:1909,-1,-1.920396444750696,1.7523252988329836,True
142,valid:0142,-1,normalized,7639,train:7639,-1,0.2682620311251589,1.7523252988329836,True
142,valid:0142,-1,normalized,9045,train:9045,-1,-0.1825369572171262,1.7523252988329836,True
172,valid:0172,-6,raw,3776,train:3776,-6,0.5494663327108107,0.4695198147664783,True
172,valid:0172,-6,normalized,3776,train:3776,-6,0.5494663327108107,0.4695198147664783,True
180,valid:0180,-1,raw,331,train:0331,-1,-1.6064978813656858,1.83369934801969,True
180,valid:0180,-1,raw,389,train:0389,-1,2.1217055345049807,1.83369934801969,True
180,valid:0180,-1,raw,476,train:0476,-1,1.6329959655276245,1.83369934801969,True
180,valid:0180,-1,raw,944,train:0944,-1,-1.7764464592465452,1.83369934801969,True
180,valid:0180,-1,raw,1259,train:1259,-1,1.4547861838808962,1.83369934801969,True
180,valid:0180,-1,raw,1879,train:1879,-1,0.0946275020113893,1.83369934801969,True
180,valid:0180,-1,raw,2887,train:2887,-1,0.6948517585268923,1.83369934801969,True
180,valid:0180,-1,raw,3065,train:3065,-1,-0.852979299975305,1.83369934801969,True
180,valid:0180,-1,raw,3108,train:3108,-1,0.6163357520571657,1.83369934801969,True
180,valid:0180,-1,raw,3379,train:3379,-1,1.1631945395937873,1.83369934801969,True
180,valid:0180,-1,raw,3887,train:3887,-1,0.6505411887637083,1.83369934801969,True
180,valid:0180,-1,raw,4245,train:4245,-1,2.0361021781435915,1.83369934801969,True
180,valid:0180,-1,raw,4350,train:4350,-1,0.1609526896944952,1.83369934801969,True
180,valid:0180,-1,raw,4596,train:4596,-1,-1.8152681564816529,1.83369934801969,True
180,valid:0180,-1,raw,5444,train:5444,-1,2.1106805825701658,1.83369934801969,True
180,valid:0180,-1,raw,5489,train:5489,-1,-0.7885776733883909,1.83369934801969,True
180,valid:0180,-1,raw,5562,train:5562,-1,-1.2368422722348265,1.83369934801969,True
180,valid:0180,-1,raw,5725,train:5725,-1,-1.3332778191098265,1.83369934801969,True
180,valid:0180,-1,raw,5829,train:5829,-1,0.6216009879580446,1.83369934801969,True
180,valid:0180,-1,raw,5952,train:5952,-1,1.427246930646033,1.83369934801969,True
180,valid:0180,-1,raw,6071,train:6071,-1,-5.361970064593224,1.83369934801969,True
180,valid:0180,-1,raw,6663,train:6663,-1,1.211114766644568,1.83369934801969,True
180,valid:0180,-1,raw,7543,train:7543,-1,1.6004709029665898,1.83369934801969,True
180,valid:0180,-1,raw,8160,train:8160,-1,-3.063264486742883,1.83369934801969,True
180,valid:0180,-1,raw,8222,train:8222,-1,2.189682366894812,1.83369934801969,True
180,valid:0180,-1,raw,8259,train:8259,-1,1.0076366687289189,1.83369934801969,True
180,valid:0180,-1,raw,8278,train:8278,-1,-0.0385550236233762,1.83369934801969,True
180,valid:0180,-1,raw,8760,train:8760,-1,0.163823010968299,1.83369934801969,True
180,valid:0180,-1,raw,9155,train:9155,-1,0.9776955867281862,1.83369934801969,True
180,valid:0180,-1,raw,9274,train:9274,-1,0.9390183711520144,1.83369934801969,True
180,valid:0180,-1,raw,9391,train:9391,-1,-2.2686444496640257,1.83369934801969,True
180,valid:0180,-1,raw,9423,train:9423,-1,1.538799526738257,1.83369934801969,True
180,valid:0180,-1,raw,9810,train:9810,-1,1.07260692362699,1.83369934801969,True
180,valid:0180,-1,raw,9908,train:9908,-1,1.763051989125342,1.83369934801969,True
180,valid:0180,-1,normalized,331,train:0331,-1,-1.6064978813656858,1.83369934801969,True
180,valid:0180,-1,normalized,389,train:0389,-1,2.1217055345049807,1.83369934801969,True
180,valid:0180,-1,normalized,476,train:0476,-1,1.6329959655276245,1.83369934801969,True
180,valid:0180,-1,normalized,944,train:0944,-1,-1.7764464592465452,1.83369934801969,True
180,valid:0180,-1,normalized,1259,train:1259,-1,1.4547861838808962,1.83369934801969,True
180,valid:0180,-1,normalized,1879,train:1879,-1,0.0946275020113893,1.83369934801969,True
180,valid:0180,-1,normalized,2887,train:2887,-1,0.6948517585268923,1.83369934801969,True
180,valid:0180,-1,normalized,3065,train:3065,-1,-0.852979299975305,1.83369934801969,True
180,valid:0180,-1,normalized,3108,train:3108,-1,0.6163357520571657,1.83369934801969,True
180,valid:0180,-1,normalized,3379,train:3379,-1,1.1631945395937873,1.83369934801969,True
180,valid:0180,-1,normalized,3887,train:3887,-1,0.6505411887637083,1.83369934801969,True
180,valid:0180,-1,normalized,4245,train:4245,-1,2.0361021781435915,1.83369934801969,True
180,valid:0180,-1,normalized,4350,train:4350,-1,0.1609526896944952,1.83369934801969,True
180,valid:0180,-1,normalized,4596,train:4596,-1,-1.8152681564816529,1.83369934801969,True
180,valid:0180,-1,normalized,5444,train:5444,-1,2.1106805825701658,1.83369934801969,True
180,valid:0180,-1,normalized,5489,train:5489,-1,-0.7885776733883909,1.83369934801969,True
180,valid:0180,-1,normalized,5562,train:5562,-1,-1.2368422722348265,1.83369934801969,True
180,valid:0180,-1,normalized,5725,train:5725,-1,-1.3332778191098265,1.83369934801969,True
180,valid:0180,-1,normalized,5829,train:5829,-1,0.6216009879580446,1.83369934801969,True
180,valid:0180,-1,normalized,5952,train:5952,-1,1.427246930646033,1.83369934801969,True
180,valid:0180,-1,normalized,6071,train:6071,-1,-5.361970064593224,1.83369934801969,True
180,valid:0180,-1,normalized,6663,train:6663,-1,1.211114766644568,1.83369934801969,True
180,valid:0180,-1,normalized,7543,train:7543,-1,1.6004709029665898,1.83369934801969,True
180,valid:0180,-1,normalized,8160,train:8160,-1,-3.063264486742883,1.83369934801969,True
180,valid:0180,-1,normalized,8222,train:8222,-1,2.189682366894812,1.83369934801969,True
180,valid:0180,-1,normalized,8259,train:8259,-1,1.0076366687289189,1.83369934801969,True
180,valid:0180,-1,normalized,8278,train:8278,-1,-0.0385550236233762,1.83369934801969,True
180,valid:0180,-1,normalized,8760,train:8760,-1,0.163823010968299,1.83369934801969,True
180,valid:0180,-1,normalized,9155,train:9155,-1,0.9776955867281862,1.83369934801969,True
180,valid:0180,-1,normalized,9274,train:9274,-1,0.9390183711520144,1.83369934801969,True
180,valid:0180,-1,normalized,9391,train:9391,-1,-2.2686444496640257,1.83369934801969,True
180,valid:0180,-1,normalized,9423,train:9423,-1,1.538799526738257,1.83369934801969,True
180,valid:0180,-1,normalized,9810,train:9810,-1,1.07260692362699,1.83369934801969,True
180,valid:0180,-1,normalized,9908,train:9908,-1,1.763051989125342,1.83369934801969,True
200,valid:0200,-1,raw,763,train:0763,-1,-2.950101492358117,-2.638990042162805,True
200,valid:0200,-1,raw,941,train:0941,-1,-0.3183053707608279,-2.638990042162805,True
200,valid:0200,-1,raw,942,train:0942,-1,-0.273131248904138,-2.638990042162805,True
200,valid:0200,-1,raw,1584,train:1584,-1,-1.4030834412106563,-2.638990042162805,True
200,valid:0200,-1,raw,1641,train:1641,-1,-4.18028557057467,-2.638990042162805,True
200,valid:0200,-1,raw,1822,train:1822,-1,-2.809285757494836,-2.638990042162805,True
200,valid:0200,-1,raw,2016,train:2016,-1,0.6777879024020144,-2.638990042162805,True
200,valid:0200,-1,raw,2044,train:2044,-1,0.6363552833071657,-2.638990042162805,True
200,valid:0200,-1,raw,2228,train:2228,-1,0.0731138015261598,-2.638990042162805,True
200,valid:0200,-1,raw,2264,train:2264,-1,-0.3380440449246458,-2.638990042162805,True
200,valid:0200,-1,raw,2883,train:2883,-1,1.6089367890826172,-2.638990042162805,True
200,valid:0200,-1,raw,3151,train:3151,-1,0.9307440543642952,-2.638990042162805,True
200,valid:0200,-1,raw,3157,train:3157,-1,-2.579114553881555,-2.638990042162805,True
200,valid:0200,-1,raw,3628,train:3628,-1,-1.206635591936975,-2.638990042162805,True
200,valid:0200,-1,raw,4361,train:4361,-1,-0.5789457535275511,-2.638990042162805,True
200,valid:0200,-1,raw,4566,train:4566,-1,-3.961659548235803,-2.638990042162805,True
200,valid:0200,-1,raw,4580,train:4580,-1,-2.845331308794885,-2.638990042162805,True
200,valid:0200,-1,raw,5118,train:5118,-1,2.331527831601233,-2.638990042162805,True
200,valid:0200,-1,raw,5141,train:5141,-1,1.321076514767737,-2.638990042162805,True
200,valid:0200,-1,raw,5402,train:5402,-1,-1.7824646210202268,-2.638990042162805,True
200,valid:0200,-1,raw,5556,train:5556,-1,-1.5500484680661253,-2.638990042162805,True
200,valid:0200,-1,raw,5585,train:5585,-1,-2.7785111641415647,-2.638990042162805,True
200,valid:0200,-1,raw,5614,train:5614,-1,-4.387801287127404,-2.638990042162805,True
200,valid:0200,-1,raw,5844,train:5844,-1,1.6175551438799805,-2.638990042162805,True
200,valid:0200,-1,raw,5929,train:5929,-1,-1.6520220016964964,-2.638990042162805,True
200,valid:0200,-1,raw,7011,train:7011,-1,-1.0628052925595337,-2.638990042162805,True
200,valid:0200,-1,raw,7102,train:7102,-1,1.5164185786715456,-2.638990042162805,True
200,valid:0200,-1,raw,7284,train:7284,-1,1.017549397992224,-2.638990042162805,True
200,valid:0200,-1,raw,7476,train:7476,-1,-1.3240433907040647,-2.638990042162805,True
200,valid:0200,-1,raw,7858,train:7858,-1,1.069452168988318,-2.638990042162805,True
200,valid:0200,-1,raw,8050,train:8050,-1,-2.214718458605676,-2.638990042162805,True
200,valid:0200,-1,raw,8206,train:8206,-1,1.2842961574068972,-2.638990042162805,True
200,valid:0200,-1,raw,8860,train:8860,-1,0.7256747508517214,-2.638990042162805,True
200,valid:0200,-1,raw,9041,train:9041,-1,1.560393931912512,-2.638990042162805,True
200,valid:0200,-1,raw,9190,train:9190,-1,-1.0826011871823362,-2.638990042162805,True
200,valid:0200,-1,raw,9275,train:9275,-1,0.5839518332949587,-2.638990042162805,True
200,valid:0200,-1,raw,9403,train:9403,-1,0.7208620334139773,-2.638990042162805,True
200,valid:0200,-1,raw,9824,train:9824,-1,1.1116379523745483,-2.638990042162805,True
200,valid:0200,-1,normalized,763,train:0763,-1,-2.950101492358117,-2.638990042162805,True
200,valid:0200,-1,normalized,941,train:0941,-1,-0.3183053707608279,-2.638990042162805,True
200,valid:0200,-1,normalized,942,train:0942,-1,-0.273131248904138,-2.638990042162805,True
200,valid:0200,-1,normalized,1584,train:1584,-1,-1.4030834412106563,-2.638990042162805,True
200,valid:0200,-1,normalized,1641,train:1641,-1,-4.18028557057467,-2.638990042162805,True
200,valid:0200,-1,normalized,1822,train:1822,-1,-2.809285757494836,-2.638990042162805,True
200,valid:0200,-1,normalized,2016,train:2016,-1,0.6777879024020144,-2.638990042162805,True
200,valid:0200,-1,normalized,2044,train:2044,-1,0.6363552833071657,-2.638990042162805,True
200,valid:0200,-1,normalized,2228,train:2228,-1,0.0731138015261598,-2.638990042162805,True
200,valid:0200,-1,normalized,2264,train:2264,-1,-0.3380440449246458,-2.638990042162805,True
200,valid:0200,-1,normalized,2883,train:2883,-1,1.6089367890826172,-2.638990042162805,True
200,valid:0200,-1,normalized,3151,train:3151,-1,0.9307440543642952,-2.638990042162805,True
200,valid:0200,-1,normalized,3157,train:3157,-1,-2.579114553881555,-2.638990042162805,True
200,valid:0200,-1,normalized,3628,train:3628,-1,-1.206635591936975,-2.638990042162805,True
200,valid:0200,-1,normalized,4361,train:4361,-1,-0.5789457535275511,-2.638990042162805,True
200,valid:0200,-1,normalized,4566,train:4566,-1,-3.961659548235803,-2.638990042162805,True
200,valid:0200,-1,normalized,4580,train:4580,-1,-2.845331308794885,-2.638990042162805,True
200,valid:0200,-1,normalized,5118,train:5118,-1,2.331527831601233,-2.638990042162805,True
200,valid:0200,-1,normalized,5141,train:5141,-1,1.321076514767737,-2.638990042162805,True
200,valid:0200,-1,normalized,5402,train:5402,-1,-1.7824646210202268,-2.638990042162805,True
200,valid:0200,-1,normalized,5556,train:5556,-1,-1.5500484680661253,-2.638990042162805,True
200,valid:0200,-1,normalized,5585,train:5585,-1,-2.7785111641415647,-2.638990042162805,True
200,valid:0200,-1,normalized,5614,train:5614,-1,-4.387801287127404,-2.638990042162805,True
200,valid:0200,-1,normalized,5844,train:5844,-1,1.6175551438799805,-2.638990042162805,True
200,valid:0200,-1,normalized,5929,train:5929,-1,-1.6520220016964964,-2.638990042162805,True
200,valid:0200,-1,normalized,7011,train:7011,-1,-1.0628052925595337,-2.638990042162805,True
200,valid:0200,-1,normalized,7102,train:7102,-1,1.5164185786715456,-2.638990042162805,True
200,valid:0200,-1,normalized,7284,train:7284,-1,1.017549397992224,-2.638990042162805,True
200,valid:0200,-1,normalized,7476,train:7476,-1,-1.3240433907040647,-2.638990042162805,True
200,valid:0200,-1,normalized,7858,train:7858,-1,1.069452168988318,-2.638990042162805,True
200,valid:0200,-1,normalized,8050,train:8050,-1,-2.214718458605676,-2.638990042162805,True
200,valid:0200,-1,normalized,8206,train:8206,-1,1.2842961574068972,-2.638990042162805,True
200,valid:0200,-1,normalized,8860,train:8860,-1,0.7256747508517214,-2.638990042162805,True
200,valid:0200,-1,normalized,9041,train:9041,-1,1.560393931912512,-2.638990042162805,True
200,valid:0200,-1,normalized,9190,train:9190,-1,-1.0826011871823362,-2.638990042162805,True
200,valid:0200,-1,normalized,9275,train:9275,-1,0.5839518332949587,-2.638990042162805,True
200,valid:0200,-1,normalized,9403,train:9403,-1,0.7208620334139773,-2.638990042162805,True
200,valid:0200,-1,normalized,9824,train:9824,-1,1.1116379523745483,-2.638990042162805,True
224,valid:0224,-1,raw,85,train:0085,-1,-3.0580164169796995,-1.4935804581173948,True
224,valid:0224,-1,raw,111,train:0111,-1,-2.972154734087854,-1.4935804581173948,True
224,valid:0224,-1,raw,5541,train:5541,-1,-6.751136896563439,-1.4935804581173948,True
224,valid:0224,-1,normalized,85,train:0085,-1,-3.0580164169796995,-1.4935804581173948,True
224,valid:0224,-1,normalized,111,train:0111,-1,-2.972154734087854,-1.4935804581173948,True
224,valid:0224,-1,normalized,5541,train:5541,-1,-6.751136896563439,-1.4935804581173948,True
230,valid:0230,-1,raw,3834,train:3834,-1,0.2927135253420778,1.668250086354346,True
230,valid:0230,-1,raw,5082,train:5082,-1,1.572292687939734,1.668250086354346,True
230,valid:0230,-1,raw,9308,train:9308,-1,0.576959254788489,1.668250086354346,True
230,valid:0230,-1,normalized,3834,train:3834,-1,0.2927135253420778,1.668250086354346,True
230,valid:0230,-1,normalized,5082,train:5082,-1,1.572292687939734,1.668250086354346,True
230,valid:0230,-1,normalized,9308,train:9308,-1,0.576959254788489,1.668250086354346,True
239,valid:0239,-1,raw,4166,train:4166,-1,0.5021220469942991,1.169272782849402,True
239,valid:0239,-1,raw,4820,train:4820,-1,1.6670982861987065,1.169272782849402,True
239,valid:0239,-1,raw,8323,train:8323,-1,-0.1575206493863157,1.169272782849402,True
239,valid:0239,-1,raw,8439,train:8439,-1,-0.8207069611081175,1.169272782849402,True
239,valid:0239,-1,normalized,4166,train:4166,-1,0.5021220469942991,1.169272782849402,True
239,valid:0239,-1,normalized,4820,train:4820,-1,1.6670982861987065,1.169272782849402,True
239,valid:0239,-1,normalized,8323,train:8323,-1,-0.1575206493863157,1.169272782849402,True
239,valid:0239,-1,normalized,8439,train:8439,-1,-0.8207069611081175,1.169272782849402,True
267,valid:0267,-1,raw,85,train:0085,-1,-3.0580164169796995,-3.600782511187463,True
267,valid:0267,-1,raw,111,train:0111,-1,-2.972154734087854,-3.600782511187463,True
267,valid:0267,-1,raw,5541,train:5541,-1,-6.751136896563439,-3.600782511187463,True
267,valid:0267,-1,normalized,85,train:0085,-1,-3.0580164169796995,-3.600782511187463,True
267,valid:0267,-1,normalized,111,train:0111,-1,-2.972154734087854,-3.600782511187463,True
267,valid:0267,-1,normalized,5541,train:5541,-1,-6.751136896563439,-3.600782511187463,True
306,valid:0306,-1,raw,8026,train:8026,-1,-0.8686457848080686,0.9830795550814576,True
306,valid:0306,-1,raw,9515,train:9515,-1,1.4561177516451784,0.9830795550814576,True
306,valid:0306,-1,normalized,8026,train:8026,-1,-0.8686457848080686,0.9830795550814576,True
306,valid:0306,-1,normalized,9515,train:9515,-1,1.4561177516451784,0.9830795550814576,True
393,valid:0393,-1,raw,9427,train:9427,-1,-4.181240198565392,2.514377834843726,True
393,valid:0393,-1,normalized,9427,train:9427,-1,-4.181240198565392,2.514377834843726,True
461,valid:0461,-1,raw,4263,train:4263,-1,2.3760943437090822,1.3156973147860476,True
461,valid:0461,-1,raw,4369,train:4369,-1,1.7403677726260132,1.3156973147860476,True
461,valid:0461,-1,raw,4489,train:4489,-1,2.332222344922156,1.3156973147860476,True
461,valid:0461,-1,raw,5009,train:5009,-1,-0.1895493244656614,1.3156973147860476,True
461,valid:0461,-1,raw,5554,train:5554,-1,2.540998640107245,1.3156973147860476,True
461,valid:0461,-1,raw,7144,train:7144,-1,-0.3191171860226678,1.3156973147860476,True
461,valid:0461,-1,raw,7804,train:7804,-1,-1.058977720690637,1.3156973147860476,True
461,valid:0461,-1,normalized,4263,train:4263,-1,2.3760943437090822,1.3156973147860476,True
461,valid:0461,-1,normalized,4369,train:4369,-1,1.7403677726260132,1.3156973147860476,True
461,valid:0461,-1,normalized,4489,train:4489,-1,2.332222344922156,1.3156973147860476,True
461,valid:0461,-1,normalized,5009,train:5009,-1,-0.1895493244656614,1.3156973147860476,True
461,valid:0461,-1,normalized,5554,train:5554,-1,2.540998640107245,1.3156973147860476,True
461,valid:0461,-1,normalized,7144,train:7144,-1,-0.3191171860226678,1.3156973147860476,True
461,valid:0461,-1,normalized,7804,train:7804,-1,-1.058977720690637,1.3156973147860476,True
485,valid:0485,-1,raw,1208,train:1208,-1,-2.0912100052365363,-4.3484297966488885,True
485,valid:0485,-1,raw,1785,train:1785,-1,-3.863083479357629,-4.3484297966488885,True
485,valid:0485,-1,raw,2220,train:2220,-1,-4.246403334093957,-4.3484297966488885,True
485,valid:0485,-1,raw,2355,train:2355,-1,0.6746960902682253,-4.3484297966488885,True
485,valid:0485,-1,raw,6771,train:6771,-1,-2.604625341845422,-4.3484297966488885,True
485,valid:0485,-1,raw,7762,train:7762,-1,-1.9999634003171016,-4.3484297966488885,True
485,valid:0485,-1,raw,8102,train:8102,-1,-3.282931444598108,-4.3484297966488885,True
485,valid:0485,-1,raw,9268,train:9268,-1,-5.013504145098596,-4.3484297966488885,True
485,valid:0485,-1,normalized,1208,train:1208,-1,-2.0912100052365363,-4.3484297966488885,True
485,valid:0485,-1,normalized,1785,train:1785,-1,-3.863083479357629,-4.3484297966488885,True
485,valid:0485,-1,normalized,2220,train:2220,-1,-4.246403334093957,-4.3484297966488885,True
485,valid:0485,-1,normalized,2355,train:2355,-1,0.6746960902682253,-4.3484297966488885,True
485,valid:0485,-1,normalized,6771,train:6771,-1,-2.604625341845422,-4.3484297966488885,True
485,valid:0485,-1,normalized,7762,train:7762,-1,-1.9999634003171016,-4.3484297966488885,True
485,valid:0485,-1,normalized,8102,train:8102,-1,-3.282931444598108,-4.3484297966488885,True
485,valid:0485,-1,normalized,9268,train:9268,-1,-5.013504145098596,-4.3484297966488885,True
509,valid:0509,-1,raw,456,train:0456,-1,0.4268590236178347,0.0513385558596559,True
509,valid:0509,-1,raw,1909,train:1909,-1,-1.920396444750696,0.0513385558596559,True
509,valid:0509,-1,raw,7639,train:7639,-1,0.2682620311251589,0.0513385558596559,True
509,valid:0509,-1,raw,9045,train:9045,-1,-0.1825369572171262,0.0513385558596559,True
509,valid:0509,-1,normalized,456,train:0456,-1,0.4268590236178347,0.0513385558596559,True
509,valid:0509,-1,normalized,1909,train:1909,-1,-1.920396444750696,0.0513385558596559,True
509,valid:0509,-1,normalized,7639,train:7639,-1,0.2682620311251589,0.0513385558596559,True
509,valid:0509,-1,normalized,9045,train:9045,-1,-0.1825369572171262,0.0513385558596559,True
528,valid:0528,-1,raw,1309,train:1309,-1,-2.5557318901547483,2.059897425221533,True
528,valid:0528,-1,normalized,1309,train:1309,-1,-2.5557318901547483,2.059897425221533,True
567,valid:0567,-1,raw,331,train:0331,-1,-1.6064978813656858,-0.1247132992276243,True
567,valid:0567,-1,raw,389,train:0389,-1,2.1217055345049807,-0.1247132992276243,True
567,valid:0567,-1,raw,476,train:0476,-1,1.6329959655276245,-0.1247132992276243,True
567,valid:0567,-1,raw,944,train:0944,-1,-1.7764464592465452,-0.1247132992276243,True
567,valid:0567,-1,raw,1259,train:1259,-1,1.4547861838808962,-0.1247132992276243,True
567,valid:0567,-1,raw,1879,train:1879,-1,0.0946275020113893,-0.1247132992276243,True
567,valid:0567,-1,raw,2887,train:2887,-1,0.6948517585268923,-0.1247132992276243,True
567,valid:0567,-1,raw,3065,train:3065,-1,-0.852979299975305,-0.1247132992276243,True
567,valid:0567,-1,raw,3108,train:3108,-1,0.6163357520571657,-0.1247132992276243,True
567,valid:0567,-1,raw,3379,train:3379,-1,1.1631945395937873,-0.1247132992276243,True
567,valid:0567,-1,raw,3887,train:3887,-1,0.6505411887637083,-0.1247132992276243,True
567,valid:0567,-1,raw,4245,train:4245,-1,2.0361021781435915,-0.1247132992276243,True
567,valid:0567,-1,raw,4350,train:4350,-1,0.1609526896944952,-0.1247132992276243,True
567,valid:0567,-1,raw,4596,train:4596,-1,-1.8152681564816529,-0.1247132992276243,True
567,valid:0567,-1,raw,5444,train:5444,-1,2.1106805825701658,-0.1247132992276243,True
567,valid:0567,-1,raw,5489,train:5489,-1,-0.7885776733883909,-0.1247132992276243,True
567,valid:0567,-1,raw,5562,train:5562,-1,-1.2368422722348265,-0.1247132992276243,True
567,valid:0567,-1,raw,5725,train:5725,-1,-1.3332778191098265,-0.1247132992276243,True
567,valid:0567,-1,raw,5829,train:5829,-1,0.6216009879580446,-0.1247132992276243,True
567,valid:0567,-1,raw,5952,train:5952,-1,1.427246930646033,-0.1247132992276243,True
567,valid:0567,-1,raw,6071,train:6071,-1,-5.361970064593224,-0.1247132992276243,True
567,valid:0567,-1,raw,6663,train:6663,-1,1.211114766644568,-0.1247132992276243,True
567,valid:0567,-1,raw,7543,train:7543,-1,1.6004709029665898,-0.1247132992276243,True
567,valid:0567,-1,raw,8160,train:8160,-1,-3.063264486742883,-0.1247132992276243,True
567,valid:0567,-1,raw,8222,train:8222,-1,2.189682366894812,-0.1247132992276243,True
567,valid:0567,-1,raw,8259,train:8259,-1,1.0076366687289189,-0.1247132992276243,True
567,valid:0567,-1,raw,8278,train:8278,-1,-0.0385550236233762,-0.1247132992276243,True
567,valid:0567,-1,raw,8760,train:8760,-1,0.163823010968299,-0.1247132992276243,True
567,valid:0567,-1,raw,9155,train:9155,-1,0.9776955867281862,-0.1247132992276243,True
567,valid:0567,-1,raw,9274,train:9274,-1,0.9390183711520144,-0.1247132992276243,True
567,valid:0567,-1,raw,9391,train:9391,-1,-2.2686444496640257,-0.1247132992276243,True
567,valid:0567,-1,raw,9423,train:9423,-1,1.538799526738257,-0.1247132992276243,True
567,valid:0567,-1,raw,9810,train:9810,-1,1.07260692362699,-0.1247132992276243,True
567,valid:0567,-1,raw,9908,train:9908,-1,1.763051989125342,-0.1247132992276243,True
567,valid:0567,-1,normalized,331,train:0331,-1,-1.6064978813656858,-0.1247132992276243,True
567,valid:0567,-1,normalized,389,train:0389,-1,2.1217055345049807,-0.1247132992276243,True
567,valid:0567,-1,normalized,476,train:0476,-1,1.6329959655276245,-0.1247132992276243,True
567,valid:0567,-1,normalized,944,train:0944,-1,-1.7764464592465452,-0.1247132992276243,True
567,valid:0567,-1,normalized,1259,train:1259,-1,1.4547861838808962,-0.1247132992276243,True
567,valid:0567,-1,normalized,1879,train:1879,-1,0.0946275020113893,-0.1247132992276243,True
567,valid:0567,-1,normalized,2887,train:2887,-1,0.6948517585268923,-0.1247132992276243,True
567,valid:0567,-1,normalized,3065,train:3065,-1,-0.852979299975305,-0.1247132992276243,True
567,valid:0567,-1,normalized,3108,train:3108,-1,0.6163357520571657,-0.1247132992276243,True
567,valid:0567,-1,normalized,3379,train:3379,-1,1.1631945395937873,-0.1247132992276243,True
567,valid:0567,-1,normalized,3887,train:3887,-1,0.6505411887637083,-0.1247132992276243,True
567,valid:0567,-1,normalized,4245,train:4245,-1,2.0361021781435915,-0.1247132992276243,True
567,valid:0567,-1,normalized,4350,train:4350,-1,0.1609526896944952,-0.1247132992276243,True
567,valid:0567,-1,normalized,4596,train:4596,-1,-1.8152681564816529,-0.1247132992276243,True
567,valid:0567,-1,normalized,5444,train:5444,-1,2.1106805825701658,-0.1247132992276243,True
567,valid:0567,-1,normalized,5489,train:5489,-1,-0.7885776733883909,-0.1247132992276243,True
567,valid:0567,-1,normalized,5562,train:5562,-1,-1.2368422722348265,-0.1247132992276243,True
567,valid:0567,-1,normalized,5725,train:5725,-1,-1.3332778191098265,-0.1247132992276243,True
567,valid:0567,-1,normalized,5829,train:5829,-1,0.6216009879580446,-0.1247132992276243,True
567,valid:0567,-1,normalized,5952,train:5952,-1,1.427246930646033,-0.1247132992276243,True
567,valid:0567,-1,normalized,6071,train:6071,-1,-5.361970064593224,-0.1247132992276243,True
567,valid:0567,-1,normalized,6663,train:6663,-1,1.211114766644568,-0.1247132992276243,True
567,valid:0567,-1,normalized,7543,train:7543,-1,1.6004709029665898,-0.1247132992276243,True
567,valid:0567,-1,normalized,8160,train:8160,-1,-3.063264486742883,-0.1247132992276243,True
567,valid:0567,-1,normalized,8222,train:8222,-1,2.189682366894812,-0.1247132992276243,True
567,valid:0567,-1,normalized,8259,train:8259,-1,1.0076366687289189,-0.1247132992276243,True
567,valid:0567,-1,normalized,8278,train:8278,-1,-0.0385550236233762,-0.1247132992276243,True
567,valid:0567,-1,normalized,8760,train:8760,-1,0.163823010968299,-0.1247132992276243,True
567,valid:0567,-1,normalized,9155,train:9155,-1,0.9776955867281862,-0.1247132992276243,True
567,valid:0567,-1,normalized,9274,train:9274,-1,0.9390183711520144,-0.1247132992276243,True
567,valid:0567,-1,normalized,9391,train:9391,-1,-2.2686444496640257,-0.1247132992276243,True
567,valid:0567,-1,normalized,9423,train:9423,-1,1.538799526738257,-0.1247132992276243,True
567,valid:0567,-1,normalized,9810,train:9810,-1,1.07260692362699,-0.1247132992276243,True
567,valid:0567,-1,normalized,9908,train:9908,-1,1.763051989125342,-0.1247132992276243,True
633,valid:0633,-1,raw,394,train:0394,-1,-0.307839271975427,-3.0255137657651,True
633,valid:0633,-1,raw,1171,train:1171,-1,2.332662465619177,-3.0255137657651,True
633,valid:0633,-1,raw,7701,train:7701,-1,0.2465063357821413,-3.0255137657651,True
633,valid:0633,-1,raw,8817,train:8817,-1,-0.8925510620602659,-3.0255137657651,True
633,valid:0633,-1,raw,9397,train:9397,-1,1.1099923873415896,-3.0255137657651,True
633,valid:0633,-1,normalized,394,train:0394,-1,-0.307839271975427,-3.0255137657651,True
633,valid:0633,-1,normalized,1171,train:1171,-1,2.332662465619177,-3.0255137657651,True
633,valid:0633,-1,normalized,7701,train:7701,-1,0.2465063357821413,-3.0255137657651,True
633,valid:0633,-1,normalized,8817,train:8817,-1,-0.8925510620602659,-3.0255137657651,True
633,valid:0633,-1,normalized,9397,train:9397,-1,1.1099923873415896,-3.0255137657651,True
693,valid:0693,-1,raw,331,train:0331,-1,-1.6064978813656858,2.988786044167609,True
693,valid:0693,-1,raw,389,train:0389,-1,2.1217055345049807,2.988786044167609,True
693,valid:0693,-1,raw,476,train:0476,-1,1.6329959655276245,2.988786044167609,True
693,valid:0693,-1,raw,944,train:0944,-1,-1.7764464592465452,2.988786044167609,True
693,valid:0693,-1,raw,1259,train:1259,-1,1.4547861838808962,2.988786044167609,True
693,valid:0693,-1,raw,1879,train:1879,-1,0.0946275020113893,2.988786044167609,True
693,valid:0693,-1,raw,2887,train:2887,-1,0.6948517585268923,2.988786044167609,True
693,valid:0693,-1,raw,3065,train:3065,-1,-0.852979299975305,2.988786044167609,True
693,valid:0693,-1,raw,3108,train:3108,-1,0.6163357520571657,2.988786044167609,True
693,valid:0693,-1,raw,3379,train:3379,-1,1.1631945395937873,2.988786044167609,True
693,valid:0693,-1,raw,3887,train:3887,-1,0.6505411887637083,2.988786044167609,True
693,valid:0693,-1,raw,4245,train:4245,-1,2.0361021781435915,2.988786044167609,True
693,valid:0693,-1,raw,4350,train:4350,-1,0.1609526896944952,2.988786044167609,True
693,valid:0693,-1,raw,4596,train:4596,-1,-1.8152681564816529,2.988786044167609,True
693,valid:0693,-1,raw,5444,train:5444,-1,2.1106805825701658,2.988786044167609,True
693,valid:0693,-1,raw,5489,train:5489,-1,-0.7885776733883909,2.988786044167609,True
693,valid:0693,-1,raw,5562,train:5562,-1,-1.2368422722348265,2.988786044167609,True
693,valid:0693,-1,raw,5725,train:5725,-1,-1.3332778191098265,2.988786044167609,True
693,valid:0693,-1,raw,5829,train:5829,-1,0.6216009879580446,2.988786044167609,True
693,valid:0693,-1,raw,5952,train:5952,-1,1.427246930646033,2.988786044167609,True
693,valid:0693,-1,raw,6071,train:6071,-1,-5.361970064593224,2.988786044167609,True
693,valid:0693,-1,raw,6663,train:6663,-1,1.211114766644568,2.988786044167609,True
693,valid:0693,-1,raw,7543,train:7543,-1,1.6004709029665898,2.988786044167609,True
693,valid:0693,-1,raw,8160,train:8160,-1,-3.063264486742883,2.988786044167609,True
693,valid:0693,-1,raw,8222,train:8222,-1,2.189682366894812,2.988786044167609,True
693,valid:0693,-1,raw,8259,train:8259,-1,1.0076366687289189,2.988786044167609,True
693,valid:0693,-1,raw,8278,train:8278,-1,-0.0385550236233762,2.988786044167609,True
693,valid:0693,-1,raw,8760,train:8760,-1,0.163823010968299,2.988786044167609,True
693,valid:0693,-1,raw,9155,train:9155,-1,0.9776955867281862,2.988786044167609,True
693,valid:0693,-1,raw,9274,train:9274,-1,0.9390183711520144,2.988786044167609,True
693,valid:0693,-1,raw,9391,train:9391,-1,-2.2686444496640257,2.988786044167609,True
693,valid:0693,-1,raw,9423,train:9423,-1,1.538799526738257,2.988786044167609,True
693,valid:0693,-1,raw,9810,train:9810,-1,1.07260692362699,2.988786044167609,True
693,valid:0693,-1,raw,9908,train:9908,-1,1.763051989125342,2.988786044167609,True
693,valid:0693,-1,normalized,331,train:0331,-1,-1.6064978813656858,2.988786044167609,True
693,valid:0693,-1,normalized,389,train:0389,-1,2.1217055345049807,2.988786044167609,True
693,valid:0693,-1,normalized,476,train:0476,-1,1.6329959655276245,2.988786044167609,True
693,valid:0693,-1,normalized,944,train:0944,-1,-1.7764464592465452,2.988786044167609,True
693,valid:0693,-1,normalized,1259,train:1259,-1,1.4547861838808962,2.988786044167609,True
693,valid:0693,-1,normalized,1879,train:1879,-1,0.0946275020113893,2.988786044167609,True
693,valid:0693,-1,normalized,2887,train:2887,-1,0.6948517585268923,2.988786044167609,True
693,valid:0693,-1,normalized,3065,train:3065,-1,-0.852979299975305,2.988786044167609,True
693,valid:0693,-1,normalized,3108,train:3108,-1,0.6163357520571657,2.988786044167609,True
693,valid:0693,-1,normalized,3379,train:3379,-1,1.1631945395937873,2.988786044167609,True
693,valid:0693,-1,normalized,3887,train:3887,-1,0.6505411887637083,2.988786044167609,True
693,valid:0693,-1,normalized,4245,train:4245,-1,2.0361021781435915,2.988786044167609,True
693,valid:0693,-1,normalized,4350,train:4350,-1,0.1609526896944952,2.988786044167609,True
693,valid:0693,-1,normalized,4596,train:4596,-1,-1.8152681564816529,2.988786044167609,True
693,valid:0693,-1,normalized,5444,train:5444,-1,2.1106805825701658,2.988786044167609,True
693,valid:0693,-1,normalized,5489,train:5489,-1,-0.7885776733883909,2.988786044167609,True
693,valid:0693,-1,normalized,5562,train:5562,-1,-1.2368422722348265,2.988786044167609,True
693,valid:0693,-1,normalized,5725,train:5725,-1,-1.3332778191098265,2.988786044167609,True
693,valid:0693,-1,normalized,5829,train:5829,-1,0.6216009879580446,2.988786044167609,True
693,valid:0693,-1,normalized,5952,train:5952,-1,1.427246930646033,2.988786044167609,True
693,valid:0693,-1,normalized,6071,train:6071,-1,-5.361970064593224,2.988786044167609,True
693,valid:0693,-1,normalized,6663,train:6663,-1,1.211114766644568,2.988786044167609,True
693,valid:0693,-1,normalized,7543,train:7543,-1,1.6004709029665898,2.988786044167609,True
693,valid:0693,-1,normalized,8160,train:8160,-1,-3.063264486742883,2.988786044167609,True
693,valid:0693,-1,normalized,8222,train:8222,-1,2.189682366894812,2.988786044167609,True
693,valid:0693,-1,normalized,8259,train:8259,-1,1.0076366687289189,2.988786044167609,True
693,valid:0693,-1,normalized,8278,train:8278,-1,-0.0385550236233762,2.988786044167609,True
693,valid:0693,-1,normalized,8760,train:8760,-1,0.163823010968299,2.988786044167609,True
693,valid:0693,-1,normalized,9155,train:9155,-1,0.9776955867281862,2.988786044167609,True
693,valid:0693,-1,normalized,9274,train:9274,-1,0.9390183711520144,2.988786044167609,True
693,valid:0693,-1,normalized,9391,train:9391,-1,-2.2686444496640257,2.988786044167609,True
693,valid:0693,-1,normalized,9423,train:9423,-1,1.538799526738257,2.988786044167609,True
693,valid:0693,-1,normalized,9810,train:9810,-1,1.07260692362699,2.988786044167609,True
693,valid:0693,-1,normalized,9908,train:9908,-1,1.763051989125342,2.988786044167609,True
742,valid:0742,-1,raw,909,train:0909,-1,-1.8771873688229608,-0.9373708939084104,True
742,valid:0742,-1,raw,1741,train:1741,-1,-0.3636022781857537,-0.9373708939084104,True
742,valid:0742,-1,raw,6135,train:6135,-1,-0.8622900223263792,-0.9373708939084104,True
742,valid:0742,-1,normalized,909,train:0909,-1,-1.8771873688229608,-0.9373708939084104,True
742,valid:0742,-1,normalized,1741,train:1741,-1,-0.3636022781857537,-0.9373708939084104,True
742,valid:0742,-1,normalized,6135,train:6135,-1,-0.8622900223263792,-0.9373708939084104,True
753,valid:0753,-2,raw,1077,train:1077,-2,0.4043874205560591,-2.251483017066011,True
753,valid:0753,-2,raw,1238,train:1238,-2,1.494848197838774,-2.251483017066011,True
753,valid:0753,-2,raw,5093,train:5093,-2,-1.0584364472417924,-2.251483017066011,True
753,valid:0753,-2,raw,6385,train:6385,-2,0.0580439032525923,-2.251483017066011,True
753,valid:0753,-2,raw,8446,train:8446,-2,-0.1121826706914994,-2.251483017066011,True
753,valid:0753,-2,raw,9159,train:9159,-2,-0.3783340989141557,-2.251483017066011,True
753,valid:0753,-2,normalized,1077,train:1077,-2,0.4043874205560591,-2.251483017066011,True
753,valid:0753,-2,normalized,1238,train:1238,-2,1.494848197838774,-2.251483017066011,True
753,valid:0753,-2,normalized,5093,train:5093,-2,-1.0584364472417924,-2.251483017066011,True
753,valid:0753,-2,normalized,6385,train:6385,-2,0.0580439032525923,-2.251483017066011,True
753,valid:0753,-2,normalized,8446,train:8446,-2,-0.1121826706914994,-2.251483017066011,True
753,valid:0753,-2,normalized,9159,train:9159,-2,-0.3783340989141557,-2.251483017066011,True
776,valid:0776,-1,raw,394,train:0394,-1,-0.307839271975427,0.8494478488436643,True
776,valid:0776,-1,raw,1171,train:1171,-1,2.332662465619177,0.8494478488436643,True
776,valid:0776,-1,raw,7701,train:7701,-1,0.2465063357821413,0.8494478488436643,True
776,valid:0776,-1,raw,8817,train:8817,-1,-0.8925510620602659,0.8494478488436643,True
776,valid:0776,-1,raw,9397,train:9397,-1,1.1099923873415896,0.8494478488436643,True
776,valid:0776,-1,normalized,394,train:0394,-1,-0.307839271975427,0.8494478488436643,True
776,valid:0776,-1,normalized,1171,train:1171,-1,2.332662465619177,0.8494478488436643,True
776,valid:0776,-1,normalized,7701,train:7701,-1,0.2465063357821413,0.8494478488436643,True
776,valid:0776,-1,normalized,8817,train:8817,-1,-0.8925510620602659,0.8494478488436643,True
776,valid:0776,-1,normalized,9397,train:9397,-1,1.1099923873415896,0.8494478488436643,True
814,valid:0814,-1,raw,781,train:0781,-1,-3.9996691917904905,2.670683982419104,True
814,valid:0814,-1,raw,1351,train:1351,-1,1.3849595809451052,2.670683982419104,True
814,valid:0814,-1,raw,1532,train:1532,-1,-0.91973983998385,2.670683982419104,True
814,valid:0814,-1,raw,1578,train:1578,-1,-2.3344212746151976,2.670683982419104,True
814,valid:0814,-1,raw,1725,train:1725,-1,-0.2403365349301389,2.670683982419104,True
814,valid:0814,-1,raw,2418,train:2418,-1,1.495156409787268,2.670683982419104,True
814,valid:0814,-1,raw,2865,train:2865,-1,-2.937961218310266,2.670683982419104,True
814,valid:0814,-1,raw,4009,train:4009,-1,2.111455800580115,2.670683982419104,True
814,valid:0814,-1,raw,4469,train:4469,-1,-1.2688227867611936,2.670683982419104,True
814,valid:0814,-1,raw,5100,train:5100,-1,-0.8955508446225218,2.670683982419104,True
814,valid:0814,-1,raw,5241,train:5241,-1,-0.8070021843442015,2.670683982419104,True
814,valid:0814,-1,raw,5328,train:5328,-1,0.899429204510779,2.670683982419104,True
814,valid:0814,-1,raw,5834,train:5834,-1,2.3311485076418825,2.670683982419104,True
814,valid:0814,-1,raw,6909,train:6909,-1,-1.48130571599093,2.670683982419104,True
814,valid:0814,-1,raw,7103,train:7103,-1,1.1530791545382448,2.670683982419104,True
814,valid:0814,-1,raw,7218,train:7218,-1,1.6631540084353398,2.670683982419104,True
814,valid:0814,-1,raw,7883,train:7883,-1,-4.833706018877892,2.670683982419104,True
814,valid:0814,-1,raw,8039,train:8039,-1,-0.612477419329553,2.670683982419104,True
814,valid:0814,-1,raw,8320,train:8320,-1,-1.132468817187219,2.670683982419104,True
814,valid:0814,-1,raw,9024,train:9024,-1,-0.7526208137997679,2.670683982419104,True
814,valid:0814,-1,raw,9430,train:9430,-1,2.570094409035773,2.670683982419104,True
814,valid:0814,-1,normalized,781,train:0781,-1,-3.9996691917904905,2.670683982419104,True
814,valid:0814,-1,normalized,1351,train:1351,-1,1.3849595809451052,2.670683982419104,True
814,valid:0814,-1,normalized,1532,train:1532,-1,-0.91973983998385,2.670683982419104,True
814,valid:0814,-1,normalized,1578,train:1578,-1,-2.3344212746151976,2.670683982419104,True
814,valid:0814,-1,normalized,1725,train:1725,-1,-0.2403365349301389,2.670683982419104,True
814,valid:0814,-1,normalized,2418,train:2418,-1,1.495156409787268,2.670683982419104,True
814,valid:0814,-1,normalized,2865,train:2865,-1,-2.937961218310266,2.670683982419104,True
814,valid:0814,-1,normalized,4009,train:4009,-1,2.111455800580115,2.670683982419104,True
814,valid:0814,-1,normalized,4469,train:4469,-1,-1.2688227867611936,2.670683982419104,True
814,valid:0814,-1,normalized,5100,train:5100,-1,-0.8955508446225218,2.670683982419104,True
814,valid:0814,-1,normalized,5241,train:5241,-1,-0.8070021843442015,2.670683982419104,True
814,valid:0814,-1,normalized,5328,train:5328,-1,0.899429204510779,2.670683982419104,True
814,valid:0814,-1,normalized,5834,train:5834,-1,2.3311485076418825,2.670683982419104,True
814,valid:0814,-1,normalized,6909,train:6909,-1,-1.48130571599093,2.670683982419104,True
814,valid:0814,-1,normalized,7103,train:7103,-1,1.1530791545382448,2.670683982419104,True
814,valid:0814,-1,normalized,7218,train:7218,-1,1.6631540084353398,2.670683982419104,True
814,valid:0814,-1,normalized,7883,train:7883,-1,-4.833706018877892,2.670683982419104,True
814,valid:0814,-1,normalized,8039,train:8039,-1,-0.612477419329553,2.670683982419104,True
814,valid:0814,-1,normalized,8320,train:8320,-1,-1.132468817187219,2.670683982419104,True
814,valid:0814,-1,normalized,9024,train:9024,-1,-0.7526208137997679,2.670683982419104,True
814,valid:0814,-1,normalized,9430,train:9430,-1,2.570094409035773,2.670683982419104,True
820,valid:0820,-1,raw,3071,train:3071,-1,1.5471357131472536,-1.0029364799984983,True
820,valid:0820,-1,raw,3662,train:3662,-1,1.309592368649573,-1.0029364799984983,True
820,valid:0820,-1,raw,4680,train:4680,-1,-0.5021370625027708,-1.0029364799984983,True
820,valid:0820,-1,raw,8314,train:8314,-1,0.7607799792757937,-1.0029364799984983,True
820,valid:0820,-1,raw,8368,train:8368,-1,2.0359363580218264,-1.0029364799984983,True
820,valid:0820,-1,raw,9311,train:9311,-1,1.7873324180117556,-1.0029364799984983,True
820,valid:0820,-1,normalized,3071,train:3071,-1,1.5471357131472536,-1.0029364799984983,True
820,valid:0820,-1,normalized,3662,train:3662,-1,1.309592368649573,-1.0029364799984983,True
820,valid:0820,-1,normalized,4680,train:4680,-1,-0.5021370625027708,-1.0029364799984983,True
820,valid:0820,-1,normalized,8314,train:8314,-1,0.7607799792757937,-1.0029364799984983,True
820,valid:0820,-1,normalized,8368,train:8368,-1,2.0359363580218264,-1.0029364799984983,True
820,valid:0820,-1,normalized,9311,train:9311,-1,1.7873324180117556,-1.0029364799984983,True
907,valid:0907,-1,raw,1208,train:1208,-1,-2.0912100052365363,-1.2947875236996702,True
907,valid:0907,-1,raw,1785,train:1785,-1,-3.863083479357629,-1.2947875236996702,True
907,valid:0907,-1,raw,2220,train:2220,-1,-4.246403334093957,-1.2947875236996702,True
907,valid:0907,-1,raw,2355,train:2355,-1,0.6746960902682253,-1.2947875236996702,True
907,valid:0907,-1,raw,6771,train:6771,-1,-2.604625341845422,-1.2947875236996702,True
907,valid:0907,-1,raw,7762,train:7762,-1,-1.9999634003171016,-1.2947875236996702,True
907,valid:0907,-1,raw,8102,train:8102,-1,-3.282931444598108,-1.2947875236996702,True
907,valid:0907,-1,raw,9268,train:9268,-1,-5.013504145098596,-1.2947875236996702,True
907,valid:0907,-1,normalized,1208,train:1208,-1,-2.0912100052365363,-1.2947875236996702,True
907,valid:0907,-1,normalized,1785,train:1785,-1,-3.863083479357629,-1.2947875236996702,True
907,valid:0907,-1,normalized,2220,train:2220,-1,-4.246403334093957,-1.2947875236996702,True
907,valid:0907,-1,normalized,2355,train:2355,-1,0.6746960902682253,-1.2947875236996702,True
907,valid:0907,-1,normalized,6771,train:6771,-1,-2.604625341845422,-1.2947875236996702,True
907,valid:0907,-1,normalized,7762,train:7762,-1,-1.9999634003171016,-1.2947875236996702,True
907,valid:0907,-1,normalized,8102,train:8102,-1,-3.282931444598108,-1.2947875236996702,True
907,valid:0907,-1,normalized,9268,train:9268,-1,-5.013504145098596,-1.2947875236996702,True
926,valid:0926,-1,raw,331,train:0331,-1,-1.6064978813656858,0.8797446513644163,True
926,valid:0926,-1,raw,389,train:0389,-1,2.1217055345049807,0.8797446513644163,True
926,valid:0926,-1,raw,476,train:0476,-1,1.6329959655276245,0.8797446513644163,True
926,valid:0926,-1,raw,944,train:0944,-1,-1.7764464592465452,0.8797446513644163,True
926,valid:0926,-1,raw,1259,train:1259,-1,1.4547861838808962,0.8797446513644163,True
926,valid:0926,-1,raw,1879,train:1879,-1,0.0946275020113893,0.8797446513644163,True
926,valid:0926,-1,raw,2887,train:2887,-1,0.6948517585268923,0.8797446513644163,True
926,valid:0926,-1,raw,3065,train:3065,-1,-0.852979299975305,0.8797446513644163,True
926,valid:0926,-1,raw,3108,train:3108,-1,0.6163357520571657,0.8797446513644163,True
926,valid:0926,-1,raw,3379,train:3379,-1,1.1631945395937873,0.8797446513644163,True
926,valid:0926,-1,raw,3887,train:3887,-1,0.6505411887637083,0.8797446513644163,True
926,valid:0926,-1,raw,4245,train:4245,-1,2.0361021781435915,0.8797446513644163,True
926,valid:0926,-1,raw,4350,train:4350,-1,0.1609526896944952,0.8797446513644163,True
926,valid:0926,-1,raw,4596,train:4596,-1,-1.8152681564816529,0.8797446513644163,True
926,valid:0926,-1,raw,5444,train:5444,-1,2.1106805825701658,0.8797446513644163,True
926,valid:0926,-1,raw,5489,train:5489,-1,-0.7885776733883909,0.8797446513644163,True
926,valid:0926,-1,raw,5562,train:5562,-1,-1.2368422722348265,0.8797446513644163,True
926,valid:0926,-1,raw,5725,train:5725,-1,-1.3332778191098265,0.8797446513644163,True
926,valid:0926,-1,raw,5829,train:5829,-1,0.6216009879580446,0.8797446513644163,True
926,valid:0926,-1,raw,5952,train:5952,-1,1.427246930646033,0.8797446513644163,True
926,valid:0926,-1,raw,6071,train:6071,-1,-5.361970064593224,0.8797446513644163,True
926,valid:0926,-1,raw,6663,train:6663,-1,1.211114766644568,0.8797446513644163,True
926,valid:0926,-1,raw,7543,train:7543,-1,1.6004709029665898,0.8797446513644163,True
926,valid:0926,-1,raw,8160,train:8160,-1,-3.063264486742883,0.8797446513644163,True
926,valid:0926,-1,raw,8222,train:8222,-1,2.189682366894812,0.8797446513644163,True
926,valid:0926,-1,raw,8259,train:8259,-1,1.0076366687289189,0.8797446513644163,True
926,valid:0926,-1,raw,8278,train:8278,-1,-0.0385550236233762,0.8797446513644163,True
926,valid:0926,-1,raw,8760,train:8760,-1,0.163823010968299,0.8797446513644163,True
926,valid:0926,-1,raw,9155,train:9155,-1,0.9776955867281862,0.8797446513644163,True
926,valid:0926,-1,raw,9274,train:9274,-1,0.9390183711520144,0.8797446513644163,True
926,valid:0926,-1,raw,9391,train:9391,-1,-2.2686444496640257,0.8797446513644163,True
926,valid:0926,-1,raw,9423,train:9423,-1,1.538799526738257,0.8797446513644163,True
926,valid:0926,-1,raw,9810,train:9810,-1,1.07260692362699,0.8797446513644163,True
926,valid:0926,-1,raw,9908,train:9908,-1,1.763051989125342,0.8797446513644163,True
926,valid:0926,-1,normalized,331,train:0331,-1,-1.6064978813656858,0.8797446513644163,True
926,valid:0926,-1,normalized,389,train:0389,-1,2.1217055345049807,0.8797446513644163,True
926,valid:0926,-1,normalized,476,train:0476,-1,1.6329959655276245,0.8797446513644163,True
926,valid:0926,-1,normalized,944,train:0944,-1,-1.7764464592465452,0.8797446513644163,True
926,valid:0926,-1,normalized,1259,train:1259,-1,1.4547861838808962,0.8797446513644163,True
926,valid:0926,-1,normalized,1879,train:1879,-1,0.0946275020113893,0.8797446513644163,True
926,valid:0926,-1,normalized,2887,train:2887,-1,0.6948517585268923,0.8797446513644163,True
926,valid:0926,-1,normalized,3065,train:3065,-1,-0.852979299975305,0.8797446513644163,True
926,valid:0926,-1,normalized,3108,train:3108,-1,0.6163357520571657,0.8797446513644163,True
926,valid:0926,-1,normalized,3379,train:3379,-1,1.1631945395937873,0.8797446513644163,True
926,valid:0926,-1,normalized,3887,train:3887,-1,0.6505411887637083,0.8797446513644163,True
926,valid:0926,-1,normalized,4245,train:4245,-1,2.0361021781435915,0.8797446513644163,True
926,valid:0926,-1,normalized,4350,train:4350,-1,0.1609526896944952,0.8797446513644163,True
926,valid:0926,-1,normalized,4596,train:4596,-1,-1.8152681564816529,0.8797446513644163,True
926,valid:0926,-1,normalized,5444,train:5444,-1,2.1106805825701658,0.8797446513644163,True
926,valid:0926,-1,normalized,5489,train:5489,-1,-0.7885776733883909,0.8797446513644163,True
926,valid:0926,-1,normalized,5562,train:5562,-1,-1.2368422722348265,0.8797446513644163,True
926,valid:0926,-1,normalized,5725,train:5725,-1,-1.3332778191098265,0.8797446513644163,True
926,valid:0926,-1,normalized,5829,train:5829,-1,0.6216009879580446,0.8797446513644163,True
926,valid:0926,-1,normalized,5952,train:5952,-1,1.427246930646033,0.8797446513644163,True
926,valid:0926,-1,normalized,6071,train:6071,-1,-5.361970064593224,0.8797446513644163,True
926,valid:0926,-1,normalized,6663,train:6663,-1,1.211114766644568,0.8797446513644163,True
926,valid:0926,-1,normalized,7543,train:7543,-1,1.6004709029665898,0.8797446513644163,True
926,valid:0926,-1,normalized,8160,train:8160,-1,-3.063264486742883,0.8797446513644163,True
926,valid:0926,-1,normalized,8222,train:8222,-1,2.189682366894812,0.8797446513644163,True
926,valid:0926,-1,normalized,8259,train:8259,-1,1.0076366687289189,0.8797446513644163,True
926,valid:0926,-1,normalized,8278,train:8278,-1,-0.0385550236233762,0.8797446513644163,True
926,valid:0926,-1,normalized,8760,train:8760,-1,0.163823010968299,0.8797446513644163,True
926,valid:0926,-1,normalized,9155,train:9155,-1,0.9776955867281862,0.8797446513644163,True
926,valid:0926,-1,normalized,9274,train:9274,-1,0.9390183711520144,0.8797446513644163,True
926,valid:0926,-1,normalized,9391,train:9391,-1,-2.2686444496640257,0.8797446513644163,True
926,valid:0926,-1,normalized,9423,train:9423,-1,1.538799526738257,0.8797446513644163,True
926,valid:0926,-1,normalized,9810,train:9810,-1,1.07260692362699,0.8797446513644163,True
926,valid:0926,-1,normalized,9908,train:9908,-1,1.763051989125342,0.8797446513644163,True
