split,arm,group,n,mae,contribution
train,SUM,k=0,9628,0.02911771022520053,0.02803453140482307
train,SUM,k=-1,325,0.03691123187419028,0.001199615035911184
train,SUM,k=-2,40,0.037882761377063284,0.00015153104550825314
train,SUM,k<=-3,7,0.030780537126578546,2.1546375988604983e-05
train,COMP,k=0,9628,0.027799924547450502,0.026765767354285343
train,COMP,k=-1,325,0.03580989225687535,0.001163821498348449
train,COMP,k=-2,40,0.02569285165401821,0.00010277140661607285
train,COMP,k<=-3,7,0.06340505243780788,4.438353670646551e-05
valid,SUM,k=0,965,0.09271096754205997,0.08946608367808787
valid,SUM,k=-1,30,0.10962161525288,0.0032886484575864
valid,SUM,k=-2,4,0.2589484822601991,0.0010357939290407965
valid,SUM,k<=-3,1,0.07319388507315705,7.319388507315705e-05
valid,COMP,k=0,965,0.08735707687522563,0.08429957918459273
valid,COMP,k=-1,30,0.12437793285498408,0.0037313379856495224
valid,COMP,k=-2,4,0.2988809176422198,0.0011955236705688793
valid,COMP,k<=-3,1,0.07401961522558542,7.401961522558543e-05
